[{"model": "admin.logentry", "pk": 1, "fields": {"action_time": "2024-02-10T05:12:30.347Z", "user": 1, "content_type": 7, "object_id": "1", "object_repr": "千種区", "action_flag": 1, "change_message": "[{\"added\": {}}]"}}, {"model": "admin.logentry", "pk": 2, "fields": {"action_time": "2024-02-10T05:12:34.217Z", "user": 1, "content_type": 7, "object_id": "2", "object_repr": "中区", "action_flag": 1, "change_message": "[{\"added\": {}}]"}}, {"model": "admin.logentry", "pk": 3, "fields": {"action_time": "2024-02-10T05:12:40.492Z", "user": 1, "content_type": 7, "object_id": "3", "object_repr": "中川区", "action_flag": 1, "change_message": "[{\"added\": {}}]"}}, {"model": "admin.logentry", "pk": 4, "fields": {"action_time": "2024-02-10T05:12:46.565Z", "user": 1, "content_type": 7, "object_id": "4", "object_repr": "守山区", "action_flag": 1, "change_message": "[{\"added\": {}}]"}}, {"model": "admin.logentry", "pk": 5, "fields": {"action_time": "2024-02-10T05:12:52.836Z", "user": 1, "content_type": 7, "object_id": "5", "object_repr": "西区", "action_flag": 1, "change_message": "[{\"added\": {}}]"}}, {"model": "admin.logentry", "pk": 6, "fields": {"action_time": "2024-02-10T05:12:56.648Z", "user": 1, "content_type": 7, "object_id": "6", "object_repr": "北区", "action_flag": 1, "change_message": "[{\"added\": {}}]"}}, {"model": "admin.logentry", "pk": 7, "fields": {"action_time": "2024-02-10T06:29:43.819Z", "user": 1, "content_type": 7, "object_id": "7", "object_repr": "熱田区", "action_flag": 1, "change_message": "[{\"added\": {}}]"}}, {"model": "admin.logentry", "pk": 8, "fields": {"action_time": "2024-02-10T06:29:48.897Z", "user": 1, "content_type": 7, "object_id": "8", "object_repr": "天白区", "action_flag": 1, "change_message": "[{\"added\": {}}]"}}, {"model": "admin.logentry", "pk": 9, "fields": {"action_time": "2024-02-10T06:29:53.912Z", "user": 1, "content_type": 7, "object_id": "9", "object_repr": "東区", "action_flag": 1, "change_message": "[{\"added\": {}}]"}}, {"model": "admin.logentry", "pk": 10, "fields": {"action_time": "2024-02-10T06:29:57.533Z", "user": 1, "content_type": 7, "object_id": "10", "object_repr": "瑞穂区", "action_flag": 1, "change_message": "[{\"added\": {}}]"}}, {"model": "admin.logentry", "pk": 11, "fields": {"action_time": "2024-02-10T06:30:00.976Z", "user": 1, "content_type": 7, "object_id": "11", "object_repr": "緑区", "action_flag": 1, "change_message": "[{\"added\": {}}]"}}, {"model": "admin.logentry", "pk": 12, "fields": {"action_time": "2024-02-10T06:30:04.377Z", "user": 1, "content_type": 7, "object_id": "12", "object_repr": "港区", "action_flag": 1, "change_message": "[{\"added\": {}}]"}}, {"model": "admin.logentry", "pk": 13, "fields": {"action_time": "2024-02-10T06:30:08.696Z", "user": 1, "content_type": 7, "object_id": "13", "object_repr": "南区", "action_flag": 1, "change_message": "[{\"added\": {}}]"}}, {"model": "admin.logentry", "pk": 14, "fields": {"action_time": "2024-02-10T06:30:13.909Z", "user": 1, "content_type": 7, "object_id": "14", "object_repr": "名東区", "action_flag": 1, "change_message": "[{\"added\": {}}]"}}, {"model": "admin.logentry", "pk": 15, "fields": {"action_time": "2024-02-10T06:30:23.997Z", "user": 1, "content_type": 7, "object_id": "15", "object_repr": "昭和区", "action_flag": 1, "change_message": "[{\"added\": {}}]"}}, {"model": "admin.logentry", "pk": 16, "fields": {"action_time": "2024-02-10T06:30:50.412Z", "user": 1, "content_type": 7, "object_id": "16", "object_repr": "中村区", "action_flag": 1, "change_message": "[{\"added\": {}}]"}}, {"model": "admin.logentry", "pk": 17, "fields": {"action_time": "2024-02-10T06:30:54.696Z", "user": 1, "content_type": 7, "object_id": "17", "object_repr": "春日井市", "action_flag": 1, "change_message": "[{\"added\": {}}]"}}, {"model": "admin.logentry", "pk": 18, "fields": {"action_time": "2024-02-10T06:31:03.260Z", "user": 1, "content_type": 7, "object_id": "18", "object_repr": "尾張旭市", "action_flag": 1, "change_message": "[{\"added\": {}}]"}}, {"model": "admin.logentry", "pk": 19, "fields": {"action_time": "2024-02-10T06:31:06.830Z", "user": 1, "content_type": 7, "object_id": "19", "object_repr": "瀬戸市", "action_flag": 1, "change_message": "[{\"added\": {}}]"}}, {"model": "admin.logentry", "pk": 20, "fields": {"action_time": "2024-02-10T06:31:11.194Z", "user": 1, "content_type": 7, "object_id": "20", "object_repr": "北名古屋市", "action_flag": 1, "change_message": "[{\"added\": {}}]"}}, {"model": "admin.logentry", "pk": 21, "fields": {"action_time": "2024-02-10T06:31:15.550Z", "user": 1, "content_type": 7, "object_id": "21", "object_repr": "一宮市", "action_flag": 1, "change_message": "[{\"added\": {}}]"}}, {"model": "admin.logentry", "pk": 22, "fields": {"action_time": "2024-02-10T06:31:19.593Z", "user": 1, "content_type": 7, "object_id": "22", "object_repr": "清須市", "action_flag": 1, "change_message": "[{\"added\": {}}]"}}, {"model": "admin.logentry", "pk": 23, "fields": {"action_time": "2024-02-10T06:31:24.128Z", "user": 1, "content_type": 7, "object_id": "23", "object_repr": "大府市", "action_flag": 1, "change_message": "[{\"added\": {}}]"}}, {"model": "admin.logentry", "pk": 24, "fields": {"action_time": "2024-02-10T06:31:27.937Z", "user": 1, "content_type": 7, "object_id": "24", "object_repr": "小牧市", "action_flag": 1, "change_message": "[{\"added\": {}}]"}}, {"model": "admin.logentry", "pk": 25, "fields": {"action_time": "2024-02-10T06:31:31.767Z", "user": 1, "content_type": 7, "object_id": "25", "object_repr": "犬山市", "action_flag": 1, "change_message": "[{\"added\": {}}]"}}, {"model": "admin.logentry", "pk": 26, "fields": {"action_time": "2024-02-11T13:01:18.276Z", "user": 1, "content_type": 9, "object_id": "1", "object_repr": "名古屋メシ", "action_flag": 1, "change_message": "[{\"added\": {}}]"}}, {"model": "admin.logentry", "pk": 27, "fields": {"action_time": "2024-02-11T13:02:41.154Z", "user": 1, "content_type": 9, "object_id": "2", "object_repr": "食べ歩き", "action_flag": 1, "change_message": "[{\"added\": {}}]"}}, {"model": "admin.logentry", "pk": 28, "fields": {"action_time": "2024-02-11T13:02:53.167Z", "user": 1, "content_type": 9, "object_id": "3", "object_repr": "ラーメン", "action_flag": 1, "change_message": "[{\"added\": {}}]"}}, {"model": "admin.logentry", "pk": 29, "fields": {"action_time": "2024-02-11T13:03:03.340Z", "user": 1, "content_type": 9, "object_id": "4", "object_repr": "洋食", "action_flag": 1, "change_message": "[{\"added\": {}}]"}}, {"model": "admin.logentry", "pk": 30, "fields": {"action_time": "2024-02-11T13:03:19.241Z", "user": 1, "content_type": 9, "object_id": "5", "object_repr": "イタリアン", "action_flag": 1, "change_message": "[{\"added\": {}}]"}}, {"model": "admin.logentry", "pk": 31, "fields": {"action_time": "2024-02-11T13:03:28.623Z", "user": 1, "content_type": 9, "object_id": "6", "object_repr": "和食", "action_flag": 1, "change_message": "[{\"added\": {}}]"}}, {"model": "admin.logentry", "pk": 32, "fields": {"action_time": "2024-02-11T13:03:34.836Z", "user": 1, "content_type": 9, "object_id": "7", "object_repr": "スイーツ", "action_flag": 1, "change_message": "[{\"added\": {}}]"}}, {"model": "admin.logentry", "pk": 33, "fields": {"action_time": "2024-02-11T13:03:51.388Z", "user": 1, "content_type": 9, "object_id": "8", "object_repr": "アジアンフード", "action_flag": 1, "change_message": "[{\"added\": {}}]"}}, {"model": "admin.logentry", "pk": 34, "fields": {"action_time": "2024-02-11T13:03:58.685Z", "user": 1, "content_type": 9, "object_id": "9", "object_repr": "中華", "action_flag": 1, "change_message": "[{\"added\": {}}]"}}, {"model": "admin.logentry", "pk": 35, "fields": {"action_time": "2024-02-11T13:04:03.416Z", "user": 1, "content_type": 9, "object_id": "10", "object_repr": "韓国料理", "action_flag": 1, "change_message": "[{\"added\": {}}]"}}, {"model": "admin.logentry", "pk": 36, "fields": {"action_time": "2024-02-12T05:32:58.541Z", "user": 1, "content_type": 10, "object_id": "1", "object_repr": "たこやきやさん", "action_flag": 1, "change_message": "[{\"added\": {}}]"}}, {"model": "admin.logentry", "pk": 37, "fields": {"action_time": "2024-02-12T07:14:59.113Z", "user": 1, "content_type": 10, "object_id": "1", "object_repr": "たこやきやさん", "action_flag": 2, "change_message": "[{\"changed\": {\"fields\": [\"Name alphabet\"]}}]"}}, {"model": "admin.logentry", "pk": 38, "fields": {"action_time": "2024-02-12T07:16:23.736Z", "user": 1, "content_type": 10, "object_id": "1", "object_repr": "たこやきやさん", "action_flag": 2, "change_message": "[{\"changed\": {\"fields\": [\"Name alphabet\"]}}]"}}, {"model": "admin.logentry", "pk": 39, "fields": {"action_time": "2024-02-12T07:24:06.605Z", "user": 1, "content_type": 10, "object_id": "2", "object_repr": "味噌煮込みやさん", "action_flag": 1, "change_message": "[{\"added\": {}}]"}}, {"model": "admin.logentry", "pk": 40, "fields": {"action_time": "2024-02-13T12:07:46.976Z", "user": 1, "content_type": 11, "object_id": "3", "object_repr": "ラーメン屋さん", "action_flag": 1, "change_message": "[{\"added\": {}}]"}}, {"model": "admin.logentry", "pk": 41, "fields": {"action_time": "2024-02-13T12:09:55.895Z", "user": 1, "content_type": 11, "object_id": "4", "object_repr": "ぱすたのおみせ", "action_flag": 1, "change_message": "[{\"added\": {}}]"}}, {"model": "admin.logentry", "pk": 42, "fields": {"action_time": "2024-02-13T12:12:29.152Z", "user": 1, "content_type": 11, "object_id": "5", "object_repr": "ハンバーガーやさん", "action_flag": 1, "change_message": "[{\"added\": {}}]"}}, {"model": "admin.logentry", "pk": 43, "fields": {"action_time": "2024-02-15T12:42:50.196Z", "user": 1, "content_type": 3, "object_id": "1", "object_repr": "管理者", "action_flag": 1, "change_message": "[{\"added\": {}}]"}}, {"model": "admin.logentry", "pk": 44, "fields": {"action_time": "2024-02-15T12:43:40.853Z", "user": 1, "content_type": 16, "object_id": "1", "object_repr": "madocaaoyama", "action_flag": 2, "change_message": "[{\"changed\": {\"fields\": [\"Display name\"]}}]"}}, {"model": "admin.logentry", "pk": 45, "fields": {"action_time": "2024-02-15T13:20:22.519Z", "user": 1, "content_type": 16, "object_id": "2", "object_repr": "テスト", "action_flag": 1, "change_message": "[{\"added\": {}}]"}}, {"model": "admin.logentry", "pk": 46, "fields": {"action_time": "2024-02-15T13:21:07.121Z", "user": 1, "content_type": 16, "object_id": "2", "object_repr": "テスト", "action_flag": 2, "change_message": "[]"}}, {"model": "admin.logentry", "pk": 47, "fields": {"action_time": "2024-02-17T08:13:09.839Z", "user": 1, "content_type": 3, "object_id": "2", "object_repr": "会員", "action_flag": 1, "change_message": "[{\"added\": {}}]"}}, {"model": "admin.logentry", "pk": 48, "fields": {"action_time": "2024-02-17T08:13:33.595Z", "user": 1, "content_type": 14, "object_id": "2", "object_repr": "User01", "action_flag": 1, "change_message": "[{\"added\": {}}]"}}, {"model": "admin.logentry", "pk": 49, "fields": {"action_time": "2024-02-17T08:14:42.628Z", "user": 1, "content_type": 14, "object_id": "3", "object_repr": "PaidUser01", "action_flag": 1, "change_message": "[{\"added\": {}}]"}}, {"model": "admin.logentry", "pk": 50, "fields": {"action_time": "2024-02-17T08:16:31.200Z", "user": 1, "content_type": 14, "object_id": "4", "object_repr": "manageuser01", "action_flag": 1, "change_message": "[{\"added\": {}}]"}}, {"model": "admin.logentry", "pk": 51, "fields": {"action_time": "2024-02-19T12:52:42.316Z", "user": 1, "content_type": 14, "object_id": "5", "object_repr": "test_user1", "action_flag": 2, "change_message": "[{\"changed\": {\"fields\": [\"\\u6709\\u6599\\u4f1a\\u54e1\"]}}]"}}, {"model": "admin.logentry", "pk": 52, "fields": {"action_time": "2024-02-20T10:09:01.845Z", "user": 1, "content_type": 15, "object_id": "1", "object_repr": "Review object (1)", "action_flag": 3, "change_message": ""}}, {"model": "admin.logentry", "pk": 53, "fields": {"action_time": "2024-02-22T12:55:29.772Z", "user": 1, "content_type": 15, "object_id": "27", "object_repr": "Review object (27)", "action_flag": 3, "change_message": ""}}, {"model": "admin.logentry", "pk": 54, "fields": {"action_time": "2024-02-22T12:55:29.799Z", "user": 1, "content_type": 15, "object_id": "26", "object_repr": "Review object (26)", "action_flag": 3, "change_message": ""}}, {"model": "admin.logentry", "pk": 55, "fields": {"action_time": "2024-02-22T12:55:29.805Z", "user": 1, "content_type": 15, "object_id": "25", "object_repr": "Review object (25)", "action_flag": 3, "change_message": ""}}, {"model": "admin.logentry", "pk": 56, "fields": {"action_time": "2024-02-22T12:55:29.809Z", "user": 1, "content_type": 15, "object_id": "24", "object_repr": "Review object (24)", "action_flag": 3, "change_message": ""}}, {"model": "admin.logentry", "pk": 57, "fields": {"action_time": "2024-02-22T12:55:29.815Z", "user": 1, "content_type": 15, "object_id": "23", "object_repr": "Review object (23)", "action_flag": 3, "change_message": ""}}, {"model": "admin.logentry", "pk": 58, "fields": {"action_time": "2024-02-22T12:55:29.822Z", "user": 1, "content_type": 15, "object_id": "22", "object_repr": "Review object (22)", "action_flag": 3, "change_message": ""}}, {"model": "admin.logentry", "pk": 59, "fields": {"action_time": "2024-02-22T12:55:29.829Z", "user": 1, "content_type": 15, "object_id": "21", "object_repr": "Review object (21)", "action_flag": 3, "change_message": ""}}, {"model": "admin.logentry", "pk": 60, "fields": {"action_time": "2024-02-22T12:55:29.834Z", "user": 1, "content_type": 15, "object_id": "20", "object_repr": "Review object (20)", "action_flag": 3, "change_message": ""}}, {"model": "admin.logentry", "pk": 61, "fields": {"action_time": "2024-02-22T12:55:29.840Z", "user": 1, "content_type": 15, "object_id": "19", "object_repr": "Review object (19)", "action_flag": 3, "change_message": ""}}, {"model": "admin.logentry", "pk": 62, "fields": {"action_time": "2024-02-22T12:55:29.845Z", "user": 1, "content_type": 15, "object_id": "18", "object_repr": "Review object (18)", "action_flag": 3, "change_message": ""}}, {"model": "admin.logentry", "pk": 63, "fields": {"action_time": "2024-02-22T12:55:29.850Z", "user": 1, "content_type": 15, "object_id": "17", "object_repr": "Review object (17)", "action_flag": 3, "change_message": ""}}, {"model": "admin.logentry", "pk": 64, "fields": {"action_time": "2024-02-22T12:55:29.853Z", "user": 1, "content_type": 15, "object_id": "16", "object_repr": "Review object (16)", "action_flag": 3, "change_message": ""}}, {"model": "admin.logentry", "pk": 65, "fields": {"action_time": "2024-02-22T12:55:29.858Z", "user": 1, "content_type": 15, "object_id": "15", "object_repr": "Review object (15)", "action_flag": 3, "change_message": ""}}, {"model": "admin.logentry", "pk": 66, "fields": {"action_time": "2024-02-22T12:55:29.862Z", "user": 1, "content_type": 15, "object_id": "14", "object_repr": "Review object (14)", "action_flag": 3, "change_message": ""}}, {"model": "admin.logentry", "pk": 67, "fields": {"action_time": "2024-02-22T12:55:29.865Z", "user": 1, "content_type": 15, "object_id": "13", "object_repr": "Review object (13)", "action_flag": 3, "change_message": ""}}, {"model": "admin.logentry", "pk": 68, "fields": {"action_time": "2024-02-22T12:55:29.868Z", "user": 1, "content_type": 15, "object_id": "12", "object_repr": "Review object (12)", "action_flag": 3, "change_message": ""}}, {"model": "admin.logentry", "pk": 69, "fields": {"action_time": "2024-02-22T12:55:29.872Z", "user": 1, "content_type": 15, "object_id": "11", "object_repr": "Review object (11)", "action_flag": 3, "change_message": ""}}, {"model": "admin.logentry", "pk": 70, "fields": {"action_time": "2024-02-22T12:55:29.876Z", "user": 1, "content_type": 15, "object_id": "10", "object_repr": "Review object (10)", "action_flag": 3, "change_message": ""}}, {"model": "admin.logentry", "pk": 71, "fields": {"action_time": "2024-02-22T12:55:29.879Z", "user": 1, "content_type": 15, "object_id": "9", "object_repr": "Review object (9)", "action_flag": 3, "change_message": ""}}, {"model": "admin.logentry", "pk": 72, "fields": {"action_time": "2024-02-22T12:55:29.883Z", "user": 1, "content_type": 15, "object_id": "8", "object_repr": "Review object (8)", "action_flag": 3, "change_message": ""}}, {"model": "admin.logentry", "pk": 73, "fields": {"action_time": "2024-02-22T12:55:29.886Z", "user": 1, "content_type": 15, "object_id": "7", "object_repr": "Review object (7)", "action_flag": 3, "change_message": ""}}, {"model": "admin.logentry", "pk": 74, "fields": {"action_time": "2024-02-22T12:55:29.889Z", "user": 1, "content_type": 15, "object_id": "6", "object_repr": "Review object (6)", "action_flag": 3, "change_message": ""}}, {"model": "admin.logentry", "pk": 75, "fields": {"action_time": "2024-02-25T08:07:27.929Z", "user": 1, "content_type": 18, "object_id": "1", "object_repr": "Booking object (1)", "action_flag": 1, "change_message": "[{\"added\": {}}]"}}, {"model": "admin.logentry", "pk": 76, "fields": {"action_time": "2024-02-25T08:09:52.134Z", "user": 1, "content_type": 18, "object_id": "1", "object_repr": "Booking object (1)", "action_flag": 2, "change_message": "[{\"changed\": {\"fields\": [\"\\u4e88\\u7d04\\u6642\\u9593\"]}}]"}}, {"model": "admin.logentry", "pk": 77, "fields": {"action_time": "2024-02-25T08:12:20.805Z", "user": 1, "content_type": 19, "object_id": "1", "object_repr": "Favorite object (1)", "action_flag": 1, "change_message": "[{\"added\": {}}]"}}, {"model": "admin.logentry", "pk": 78, "fields": {"action_time": "2024-02-25T09:51:23.782Z", "user": 1, "content_type": 19, "object_id": "2", "object_repr": "Favorite object (2)", "action_flag": 1, "change_message": "[{\"added\": {}}]"}}, {"model": "admin.logentry", "pk": 79, "fields": {"action_time": "2024-02-25T09:51:53.528Z", "user": 1, "content_type": 18, "object_id": "2", "object_repr": "Booking object (2)", "action_flag": 1, "change_message": "[{\"added\": {}}]"}}, {"model": "admin.logentry", "pk": 80, "fields": {"action_time": "2024-03-03T06:43:49.636Z", "user": 1, "content_type": 20, "object_id": "1", "object_repr": "株式会社侍名古屋飯", "action_flag": 1, "change_message": "[{\"added\": {}}]"}}, {"model": "admin.logentry", "pk": 81, "fields": {"action_time": "2024-03-03T07:53:50.290Z", "user": 1, "content_type": 13, "object_id": "6", "object_repr": "和食", "action_flag": 2, "change_message": "[{\"changed\": {\"fields\": [\"Image\"]}}]"}}, {"model": "admin.logentry", "pk": 82, "fields": {"action_time": "2024-03-03T07:54:01.150Z", "user": 1, "content_type": 13, "object_id": "5", "object_repr": "イタリアン", "action_flag": 2, "change_message": "[{\"changed\": {\"fields\": [\"Image\"]}}]"}}, {"model": "admin.logentry", "pk": 83, "fields": {"action_time": "2024-03-03T07:54:11.428Z", "user": 1, "content_type": 13, "object_id": "4", "object_repr": "洋食", "action_flag": 2, "change_message": "[{\"changed\": {\"fields\": [\"Image\"]}}]"}}, {"model": "admin.logentry", "pk": 84, "fields": {"action_time": "2024-03-03T07:54:20.152Z", "user": 1, "content_type": 13, "object_id": "3", "object_repr": "ラーメン", "action_flag": 2, "change_message": "[{\"changed\": {\"fields\": [\"Image\"]}}]"}}, {"model": "admin.logentry", "pk": 85, "fields": {"action_time": "2024-03-03T07:54:33.565Z", "user": 1, "content_type": 13, "object_id": "2", "object_repr": "食べ歩き", "action_flag": 2, "change_message": "[{\"changed\": {\"fields\": [\"Image\"]}}]"}}, {"model": "admin.logentry", "pk": 86, "fields": {"action_time": "2024-03-03T07:54:41.782Z", "user": 1, "content_type": 13, "object_id": "1", "object_repr": "名古屋メシ", "action_flag": 2, "change_message": "[{\"changed\": {\"fields\": [\"Image\"]}}]"}}, {"model": "admin.logentry", "pk": 87, "fields": {"action_time": "2024-03-03T08:10:14.992Z", "user": 1, "content_type": 13, "object_id": "6", "object_repr": "和食", "action_flag": 2, "change_message": "[{\"changed\": {\"fields\": [\"Image\"]}}]"}}, {"model": "admin.logentry", "pk": 88, "fields": {"action_time": "2024-03-03T08:10:24.597Z", "user": 1, "content_type": 13, "object_id": "5", "object_repr": "イタリアン", "action_flag": 2, "change_message": "[{\"changed\": {\"fields\": [\"Image\"]}}]"}}, {"model": "admin.logentry", "pk": 89, "fields": {"action_time": "2024-03-03T08:10:33.173Z", "user": 1, "content_type": 13, "object_id": "4", "object_repr": "洋食", "action_flag": 2, "change_message": "[{\"changed\": {\"fields\": [\"Image\"]}}]"}}, {"model": "admin.logentry", "pk": 90, "fields": {"action_time": "2024-03-03T08:10:43.156Z", "user": 1, "content_type": 13, "object_id": "3", "object_repr": "ラーメン", "action_flag": 2, "change_message": "[{\"changed\": {\"fields\": [\"Image\"]}}]"}}, {"model": "admin.logentry", "pk": 91, "fields": {"action_time": "2024-03-03T08:10:55.761Z", "user": 1, "content_type": 13, "object_id": "2", "object_repr": "食べ歩き", "action_flag": 2, "change_message": "[{\"changed\": {\"fields\": [\"Image\"]}}]"}}, {"model": "admin.logentry", "pk": 92, "fields": {"action_time": "2024-03-03T08:11:05.274Z", "user": 1, "content_type": 13, "object_id": "1", "object_repr": "名古屋メシ", "action_flag": 2, "change_message": "[{\"changed\": {\"fields\": [\"Image\"]}}]"}}, {"model": "admin.logentry", "pk": 93, "fields": {"action_time": "2024-03-09T07:17:44.542Z", "user": 1, "content_type": 21, "object_id": "1", "object_repr": "利用規約", "action_flag": 1, "change_message": "[{\"added\": {}}]"}}, {"model": "admin.logentry", "pk": 94, "fields": {"action_time": "2024-03-09T07:18:05.594Z", "user": 1, "content_type": 21, "object_id": "1", "object_repr": "利用規約", "action_flag": 3, "change_message": ""}}, {"model": "admin.logentry", "pk": 95, "fields": {"action_time": "2024-03-09T07:19:22.503Z", "user": 1, "content_type": 21, "object_id": "1", "object_repr": "利用規約", "action_flag": 1, "change_message": "[{\"added\": {}}]"}}, {"model": "admin.logentry", "pk": 96, "fields": {"action_time": "2024-03-09T07:20:27.408Z", "user": 1, "content_type": 21, "object_id": "1", "object_repr": "利用規約", "action_flag": 2, "change_message": "[{\"changed\": {\"fields\": [\"\\u898f\\u7d04\\u672c\\u6587\"]}}]"}}, {"model": "admin.logentry", "pk": 97, "fields": {"action_time": "2024-03-11T10:43:24.171Z", "user": 1, "content_type": 14, "object_id": "2", "object_repr": "Admi_User01", "action_flag": 2, "change_message": "[{\"changed\": {\"fields\": [\"Username\", \"Staff status\"]}}]"}}, {"model": "admin.logentry", "pk": 98, "fields": {"action_time": "2024-03-11T10:45:21.431Z", "user": 1, "content_type": 14, "object_id": "2", "object_repr": "Admi_User01", "action_flag": 2, "change_message": "[{\"changed\": {\"fields\": [\"\\u7ba1\\u7406\\u8005\"]}}]"}}, {"model": "admin.logentry", "pk": 99, "fields": {"action_time": "2024-03-11T10:48:21.203Z", "user": 1, "content_type": 14, "object_id": "8", "object_repr": "AdminUser02", "action_flag": 2, "change_message": "[{\"changed\": {\"fields\": [\"Groups\", \"Staff status\"]}}]"}}, {"model": "admin.logentry", "pk": 100, "fields": {"action_time": "2024-03-11T10:48:43.586Z", "user": 1, "content_type": 14, "object_id": "8", "object_repr": "AdminUser02", "action_flag": 2, "change_message": "[]"}}, {"model": "admin.logentry", "pk": 101, "fields": {"action_time": "2024-03-11T11:10:28.768Z", "user": 1, "content_type": 14, "object_id": "8", "object_repr": "AdminUser02", "action_flag": 2, "change_message": "[{\"changed\": {\"fields\": [\"\\u7ba1\\u7406\\u8005\"]}}]"}}, {"model": "admin.logentry", "pk": 102, "fields": {"action_time": "2024-03-11T11:10:44.175Z", "user": 1, "content_type": 14, "object_id": "8", "object_repr": "AdminUser02", "action_flag": 2, "change_message": "[]"}}, {"model": "admin.logentry", "pk": 103, "fields": {"action_time": "2024-03-15T05:44:03.481Z", "user": 1, "content_type": 14, "object_id": "1", "object_repr": "madocaaoyama", "action_flag": 2, "change_message": "[{\"changed\": {\"fields\": [\"\\u6709\\u6599\\u4f1a\\u54e1\"]}}]"}}, {"model": "admin.logentry", "pk": 104, "fields": {"action_time": "2024-03-15T14:12:29.024Z", "user": 1, "content_type": 13, "object_id": "6", "object_repr": "和食", "action_flag": 2, "change_message": "[{\"changed\": {\"fields\": [\"\\u30d0\\u30ca\\u30fc\\u753b\\u50cf\"]}}]"}}, {"model": "admin.logentry", "pk": 105, "fields": {"action_time": "2024-03-15T14:12:53.858Z", "user": 1, "content_type": 13, "object_id": "5", "object_repr": "イタリアン", "action_flag": 2, "change_message": "[{\"changed\": {\"fields\": [\"\\u30d0\\u30ca\\u30fc\\u753b\\u50cf\"]}}]"}}, {"model": "admin.logentry", "pk": 106, "fields": {"action_time": "2024-03-15T14:13:55.082Z", "user": 1, "content_type": 13, "object_id": "4", "object_repr": "洋食", "action_flag": 2, "change_message": "[{\"changed\": {\"fields\": [\"\\u30d0\\u30ca\\u30fc\\u753b\\u50cf\"]}}]"}}, {"model": "admin.logentry", "pk": 107, "fields": {"action_time": "2024-03-15T15:28:18.124Z", "user": 1, "content_type": 11, "object_id": "5", "object_repr": "ハンバーガーやさん", "action_flag": 2, "change_message": "[{\"changed\": {\"fields\": [\"\\u753b\\u50cf\"]}}]"}}, {"model": "admin.logentry", "pk": 108, "fields": {"action_time": "2024-03-15T15:30:07.390Z", "user": 1, "content_type": 15, "object_id": "33", "object_repr": "Review object (33)", "action_flag": 2, "change_message": "[{\"changed\": {\"fields\": [\"Image1\", \"Image2\"]}}]"}}, {"model": "admin.logentry", "pk": 109, "fields": {"action_time": "2024-03-16T06:17:48.544Z", "user": 1, "content_type": 14, "object_id": "9", "object_repr": "TEST", "action_flag": 2, "change_message": "[{\"changed\": {\"fields\": [\"Email address\"]}}]"}}, {"model": "admin.logentry", "pk": 110, "fields": {"action_time": "2024-03-20T06:19:20.641Z", "user": 1, "content_type": 18, "object_id": "67", "object_repr": "たこやきやさん", "action_flag": 1, "change_message": "[{\"added\": {}}]"}}, {"model": "admin.logentry", "pk": 111, "fields": {"action_time": "2024-03-24T13:59:54.397Z", "user": 1, "content_type": 11, "object_id": "8", "object_repr": "みそにこみのおみせ", "action_flag": 1, "change_message": "[{\"added\": {}}]"}}, {"model": "admin.logentry", "pk": 112, "fields": {"action_time": "2024-03-24T14:02:40.034Z", "user": 1, "content_type": 11, "object_id": "9", "object_repr": "らうめん", "action_flag": 1, "change_message": "[{\"added\": {}}]"}}, {"model": "admin.logentry", "pk": 113, "fields": {"action_time": "2024-03-24T14:04:14.786Z", "user": 1, "content_type": 11, "object_id": "10", "object_repr": "うどんやさん", "action_flag": 1, "change_message": "[{\"added\": {}}]"}}, {"model": "admin.logentry", "pk": 114, "fields": {"action_time": "2024-03-24T14:05:33.015Z", "user": 1, "content_type": 11, "object_id": "11", "object_repr": "えびや", "action_flag": 1, "change_message": "[{\"added\": {}}]"}}, {"model": "admin.logentry", "pk": 115, "fields": {"action_time": "2024-03-24T14:18:46.071Z", "user": 1, "content_type": 11, "object_id": "2", "object_repr": "味噌煮込みやさん", "action_flag": 2, "change_message": "[{\"changed\": {\"fields\": [\"\\u753b\\u50cf\"]}}]"}}, {"model": "admin.logentry", "pk": 116, "fields": {"action_time": "2024-03-25T10:20:25.633Z", "user": 1, "content_type": 11, "object_id": "12", "object_repr": "しのだ", "action_flag": 1, "change_message": "[{\"added\": {}}]"}}, {"model": "admin.logentry", "pk": 117, "fields": {"action_time": "2024-03-25T10:21:56.875Z", "user": 1, "content_type": 11, "object_id": "13", "object_repr": "とんちゃん", "action_flag": 1, "change_message": "[{\"added\": {}}]"}}, {"model": "admin.logentry", "pk": 118, "fields": {"action_time": "2024-03-25T10:23:02.009Z", "user": 1, "content_type": 11, "object_id": "14", "object_repr": "たいわんまぜそば", "action_flag": 1, "change_message": "[{\"added\": {}}]"}}, {"model": "admin.logentry", "pk": 119, "fields": {"action_time": "2024-03-25T10:24:28.224Z", "user": 1, "content_type": 11, "object_id": "15", "object_repr": "名古屋コーチンやさん", "action_flag": 1, "change_message": "[{\"added\": {}}]"}}, {"model": "admin.logentry", "pk": 120, "fields": {"action_time": "2024-03-25T10:25:53.281Z", "user": 1, "content_type": 11, "object_id": "16", "object_repr": "カリーや", "action_flag": 1, "change_message": "[{\"added\": {}}]"}}, {"model": "admin.logentry", "pk": 121, "fields": {"action_time": "2024-03-25T10:27:19.647Z", "user": 1, "content_type": 13, "object_id": "12", "object_repr": "カフェ", "action_flag": 1, "change_message": "[{\"added\": {}}]"}}, {"model": "admin.logentry", "pk": 122, "fields": {"action_time": "2024-03-25T10:27:27.626Z", "user": 1, "content_type": 11, "object_id": "17", "object_repr": "なごやかふぇ", "action_flag": 1, "change_message": "[{\"added\": {}}]"}}, {"model": "admin.logentry", "pk": 123, "fields": {"action_time": "2024-03-25T10:28:45.801Z", "user": 1, "content_type": 11, "object_id": "18", "object_repr": "鬼饅頭処", "action_flag": 1, "change_message": "[{\"added\": {}}]"}}, {"model": "admin.logentry", "pk": 124, "fields": {"action_time": "2024-03-25T10:31:33.788Z", "user": 1, "content_type": 13, "object_id": "12", "object_repr": "カフェ", "action_flag": 3, "change_message": ""}}, {"model": "admin.logentry", "pk": 125, "fields": {"action_time": "2024-03-25T10:33:48.294Z", "user": 1, "content_type": 11, "object_id": "16", "object_repr": "カリーや", "action_flag": 2, "change_message": "[{\"changed\": {\"fields\": [\"\\u753b\\u50cf\"]}}]"}}, {"model": "admin.logentry", "pk": 126, "fields": {"action_time": "2024-03-25T10:36:09.733Z", "user": 1, "content_type": 13, "object_id": "13", "object_repr": "カフェ", "action_flag": 1, "change_message": "[{\"added\": {}}]"}}, {"model": "admin.logentry", "pk": 127, "fields": {"action_time": "2024-03-25T10:36:57.318Z", "user": 1, "content_type": 11, "object_id": "19", "object_repr": "なごやかふぇ", "action_flag": 1, "change_message": "[{\"added\": {}}]"}}, {"model": "admin.logentry", "pk": 128, "fields": {"action_time": "2024-03-25T10:39:36.913Z", "user": 1, "content_type": 11, "object_id": "20", "object_repr": "ふらいやさん", "action_flag": 1, "change_message": "[{\"added\": {}}]"}}, {"model": "admin.logentry", "pk": 129, "fields": {"action_time": "2024-03-25T10:46:02.643Z", "user": 1, "content_type": 11, "object_id": "21", "object_repr": "おぐらさん", "action_flag": 1, "change_message": "[{\"added\": {}}]"}}, {"model": "admin.logentry", "pk": 130, "fields": {"action_time": "2024-03-31T07:20:16.030Z", "user": 1, "content_type": 14, "object_id": "11", "object_repr": "Samurai_user01", "action_flag": 2, "change_message": "[{\"changed\": {\"fields\": [\"\\u6709\\u6599\\u4f1a\\u54e1\"]}}]"}}, {"model": "admin.logentry", "pk": 131, "fields": {"action_time": "2024-03-31T07:26:43.535Z", "user": 1, "content_type": 14, "object_id": "11", "object_repr": "Samurai_user01", "action_flag": 2, "change_message": "[{\"changed\": {\"fields\": [\"\\u6709\\u6599\\u4f1a\\u54e1\"]}}]"}}, {"model": "admin.logentry", "pk": 132, "fields": {"action_time": "2024-04-01T13:37:39.625Z", "user": 1, "content_type": 14, "object_id": "3", "object_repr": "PaidUser01", "action_flag": 3, "change_message": ""}}, {"model": "admin.logentry", "pk": 133, "fields": {"action_time": "2024-04-01T13:37:39.629Z", "user": 1, "content_type": 14, "object_id": "2", "object_repr": "Admi_User01", "action_flag": 3, "change_message": ""}}, {"model": "admin.logentry", "pk": 134, "fields": {"action_time": "2024-04-01T13:37:50.096Z", "user": 1, "content_type": 14, "object_id": "9", "object_repr": "TEST", "action_flag": 3, "change_message": ""}}, {"model": "admin.logentry", "pk": 135, "fields": {"action_time": "2024-04-01T13:54:42.745Z", "user": 1, "content_type": 23, "object_id": "1", "object_repr": "2024年03月", "action_flag": 1, "change_message": "[{\"added\": {}}]"}}, {"model": "admin.logentry", "pk": 136, "fields": {"action_time": "2024-04-02T12:31:56.622Z", "user": 1, "content_type": 11, "object_id": "22", "object_repr": "どて煮ニコニコ", "action_flag": 1, "change_message": "[{\"added\": {}}]"}}, {"model": "admin.logentry", "pk": 137, "fields": {"action_time": "2024-04-02T12:34:10.140Z", "user": 1, "content_type": 11, "object_id": "23", "object_repr": "あじせん", "action_flag": 1, "change_message": "[{\"added\": {}}]"}}, {"model": "admin.logentry", "pk": 138, "fields": {"action_time": "2024-04-02T12:35:31.672Z", "user": 1, "content_type": 11, "object_id": "24", "object_repr": "喫茶なごや", "action_flag": 1, "change_message": "[{\"added\": {}}]"}}, {"model": "admin.logentry", "pk": 139, "fields": {"action_time": "2024-04-02T12:37:07.864Z", "user": 1, "content_type": 11, "object_id": "25", "object_repr": "居酒屋 風", "action_flag": 1, "change_message": "[{\"added\": {}}]"}}, {"model": "admin.logentry", "pk": 140, "fields": {"action_time": "2024-04-02T12:38:48.598Z", "user": 1, "content_type": 11, "object_id": "26", "object_repr": "おでんいざかやさん", "action_flag": 1, "change_message": "[{\"added\": {}}]"}}, {"model": "admin.logentry", "pk": 141, "fields": {"action_time": "2024-04-02T12:39:50.941Z", "user": 1, "content_type": 11, "object_id": "27", "object_repr": "てんむすやさん", "action_flag": 1, "change_message": "[{\"added\": {}}]"}}, {"model": "admin.logentry", "pk": 142, "fields": {"action_time": "2024-04-02T12:41:02.639Z", "user": 1, "content_type": 11, "object_id": "28", "object_repr": "おにぎりはちべい", "action_flag": 1, "change_message": "[{\"added\": {}}]"}}, {"model": "admin.logentry", "pk": 143, "fields": {"action_time": "2024-04-02T12:42:27.113Z", "user": 1, "content_type": 11, "object_id": "29", "object_repr": "あんかけすぱーる", "action_flag": 1, "change_message": "[{\"added\": {}}]"}}, {"model": "admin.logentry", "pk": 144, "fields": {"action_time": "2024-04-02T12:43:40.740Z", "user": 1, "content_type": 11, "object_id": "30", "object_repr": "かぜらいほう", "action_flag": 1, "change_message": "[{\"added\": {}}]"}}, {"model": "admin.logentry", "pk": 145, "fields": {"action_time": "2024-04-04T05:38:08.854Z", "user": 1, "content_type": 28, "object_id": "1", "object_repr": "test_user1 - 2024/2", "action_flag": 1, "change_message": "[{\"added\": {}}]"}}, {"model": "admin.logentry", "pk": 146, "fields": {"action_time": "2024-04-04T05:38:50.155Z", "user": 1, "content_type": 28, "object_id": "2", "object_repr": "test_user1 - 2024/3", "action_flag": 1, "change_message": "[{\"added\": {}}]"}}, {"model": "admin.logentry", "pk": 147, "fields": {"action_time": "2024-04-04T05:39:04.886Z", "user": 1, "content_type": 28, "object_id": "3", "object_repr": "test_user2 - 2024/4", "action_flag": 1, "change_message": "[{\"added\": {}}]"}}, {"model": "admin.logentry", "pk": 148, "fields": {"action_time": "2024-04-04T12:19:45.449Z", "user": 1, "content_type": 14, "object_id": "12", "object_repr": "AdminUser01", "action_flag": 2, "change_message": "[{\"changed\": {\"fields\": [\"\\u7ba1\\u7406\\u8005\"]}}]"}}, {"model": "admin.logentry", "pk": 149, "fields": {"action_time": "2024-04-04T12:20:02.345Z", "user": 1, "content_type": 14, "object_id": "13", "object_repr": "AdminUser03", "action_flag": 2, "change_message": "[{\"changed\": {\"fields\": [\"\\u7ba1\\u7406\\u8005\"]}}]"}}, {"model": "admin.logentry", "pk": 150, "fields": {"action_time": "2024-04-04T12:20:21.909Z", "user": 1, "content_type": 14, "object_id": "14", "object_repr": "Samurai_user02", "action_flag": 2, "change_message": "[{\"changed\": {\"fields\": [\"\\u6709\\u6599\\u4f1a\\u54e1\"]}}]"}}, {"model": "admin.logentry", "pk": 151, "fields": {"action_time": "2024-04-04T12:20:29.265Z", "user": 1, "content_type": 14, "object_id": "11", "object_repr": "Samurai_user01", "action_flag": 2, "change_message": "[{\"changed\": {\"fields\": [\"\\u6709\\u6599\\u4f1a\\u54e1\"]}}]"}}, {"model": "admin.logentry", "pk": 152, "fields": {"action_time": "2024-04-04T12:20:55.559Z", "user": 1, "content_type": 28, "object_id": "4", "object_repr": "Samurai_user02 - 2024/4", "action_flag": 1, "change_message": "[{\"added\": {}}]"}}, {"model": "admin.logentry", "pk": 153, "fields": {"action_time": "2024-04-04T12:21:23.901Z", "user": 1, "content_type": 28, "object_id": "5", "object_repr": "test_user2 - 2024/4", "action_flag": 1, "change_message": "[{\"added\": {}}]"}}, {"model": "admin.logentry", "pk": 154, "fields": {"action_time": "2024-04-04T12:24:57.190Z", "user": 1, "content_type": 28, "object_id": "6", "object_repr": "Samurai_user02 - 2023/12", "action_flag": 1, "change_message": "[{\"added\": {}}]"}}, {"model": "admin.logentry", "pk": 155, "fields": {"action_time": "2024-04-04T12:25:09.144Z", "user": 1, "content_type": 28, "object_id": "7", "object_repr": "test_user1 - 2023/12", "action_flag": 1, "change_message": "[{\"added\": {}}]"}}, {"model": "admin.logentry", "pk": 156, "fields": {"action_time": "2024-04-04T12:25:20.589Z", "user": 1, "content_type": 28, "object_id": "8", "object_repr": "test_user2 - 2023/12", "action_flag": 1, "change_message": "[{\"added\": {}}]"}}, {"model": "admin.logentry", "pk": 157, "fields": {"action_time": "2024-04-04T12:25:30.121Z", "user": 1, "content_type": 28, "object_id": "9", "object_repr": "test_user3 - 2024/4", "action_flag": 1, "change_message": "[{\"added\": {}}]"}}, {"model": "admin.logentry", "pk": 158, "fields": {"action_time": "2024-04-04T12:26:57.395Z", "user": 1, "content_type": 28, "object_id": "1", "object_repr": "test_user1 - 2023/12", "action_flag": 2, "change_message": "[{\"changed\": {\"fields\": [\"\\u5e74\", \"\\u6708\"]}}]"}}, {"model": "admin.logentry", "pk": 159, "fields": {"action_time": "2024-04-04T12:27:07.233Z", "user": 1, "content_type": 28, "object_id": "2", "object_repr": "test_user1 - 2023/12", "action_flag": 2, "change_message": "[{\"changed\": {\"fields\": [\"\\u5e74\", \"\\u6708\"]}}]"}}, {"model": "admin.logentry", "pk": 160, "fields": {"action_time": "2024-04-04T12:27:14.886Z", "user": 1, "content_type": 28, "object_id": "3", "object_repr": "test_user2 - 2024/1", "action_flag": 2, "change_message": "[{\"changed\": {\"fields\": [\"\\u6708\"]}}]"}}, {"model": "admin.logentry", "pk": 161, "fields": {"action_time": "2024-04-04T12:27:25.547Z", "user": 1, "content_type": 28, "object_id": "2", "object_repr": "test_user2 - 2023/12", "action_flag": 2, "change_message": "[{\"changed\": {\"fields\": [\"\\u30e6\\u30fc\\u30b6\\u30fc\"]}}]"}}, {"model": "admin.logentry", "pk": 162, "fields": {"action_time": "2024-04-04T12:27:40.314Z", "user": 1, "content_type": 28, "object_id": "4", "object_repr": "Samurai_user02 - 2024/1", "action_flag": 2, "change_message": "[{\"changed\": {\"fields\": [\"\\u6708\"]}}]"}}, {"model": "admin.logentry", "pk": 163, "fields": {"action_time": "2024-04-04T12:27:49.106Z", "user": 1, "content_type": 28, "object_id": "5", "object_repr": "test_user2 - 2024/2", "action_flag": 2, "change_message": "[{\"changed\": {\"fields\": [\"\\u6708\"]}}]"}}, {"model": "admin.logentry", "pk": 164, "fields": {"action_time": "2024-04-04T12:27:57.992Z", "user": 1, "content_type": 28, "object_id": "6", "object_repr": "Samurai_user02 - 2023/2", "action_flag": 2, "change_message": "[{\"changed\": {\"fields\": [\"\\u6708\"]}}]"}}, {"model": "admin.logentry", "pk": 165, "fields": {"action_time": "2024-04-04T12:28:09.930Z", "user": 1, "content_type": 28, "object_id": "7", "object_repr": "test_user1 - 2024/2", "action_flag": 2, "change_message": "[{\"changed\": {\"fields\": [\"\\u5e74\", \"\\u6708\"]}}]"}}, {"model": "admin.logentry", "pk": 166, "fields": {"action_time": "2024-04-04T12:28:27.113Z", "user": 1, "content_type": 28, "object_id": "6", "object_repr": "test_user2 - 2023/2", "action_flag": 2, "change_message": "[{\"changed\": {\"fields\": [\"\\u30e6\\u30fc\\u30b6\\u30fc\"]}}]"}}, {"model": "admin.logentry", "pk": 167, "fields": {"action_time": "2024-04-04T12:28:42.646Z", "user": 1, "content_type": 28, "object_id": "6", "object_repr": "test_user3 - 2024/2", "action_flag": 2, "change_message": "[{\"changed\": {\"fields\": [\"\\u30e6\\u30fc\\u30b6\\u30fc\", \"\\u5e74\"]}}]"}}, {"model": "admin.logentry", "pk": 168, "fields": {"action_time": "2024-04-04T12:28:55.446Z", "user": 1, "content_type": 28, "object_id": "8", "object_repr": "test_user2 - 2024/3", "action_flag": 2, "change_message": "[{\"changed\": {\"fields\": [\"\\u5e74\", \"\\u6708\"]}}]"}}, {"model": "admin.logentry", "pk": 169, "fields": {"action_time": "2024-04-04T12:29:01.468Z", "user": 1, "content_type": 28, "object_id": "9", "object_repr": "test_user3 - 2024/3", "action_flag": 2, "change_message": "[{\"changed\": {\"fields\": [\"\\u6708\"]}}]"}}, {"model": "admin.logentry", "pk": 170, "fields": {"action_time": "2024-04-04T12:29:17.811Z", "user": 1, "content_type": 28, "object_id": "10", "object_repr": "Samurai_user02 - 2024/3", "action_flag": 1, "change_message": "[{\"added\": {}}]"}}, {"model": "admin.logentry", "pk": 171, "fields": {"action_time": "2024-04-04T12:29:24.274Z", "user": 1, "content_type": 28, "object_id": "10", "object_repr": "Samurai_user02 - 2024/3", "action_flag": 2, "change_message": "[{\"changed\": {\"fields\": [\"\\u6709\\u6599\\u4f1a\\u54e1\"]}}]"}}, {"model": "admin.logentry", "pk": 172, "fields": {"action_time": "2024-04-04T12:29:49.661Z", "user": 1, "content_type": 28, "object_id": "11", "object_repr": "Samurai_user02 - 2024/4", "action_flag": 1, "change_message": "[{\"added\": {}}]"}}, {"model": "admin.logentry", "pk": 173, "fields": {"action_time": "2024-04-04T12:30:04.265Z", "user": 1, "content_type": 28, "object_id": "12", "object_repr": "test_user3 - 2024/4", "action_flag": 1, "change_message": "[{\"added\": {}}]"}}, {"model": "admin.logentry", "pk": 174, "fields": {"action_time": "2024-04-04T12:30:10.844Z", "user": 1, "content_type": 28, "object_id": "12", "object_repr": "test_user3 - 2024/4", "action_flag": 2, "change_message": "[{\"changed\": {\"fields\": [\"\\u6709\\u6599\\u4f1a\\u54e1\"]}}]"}}, {"model": "admin.logentry", "pk": 175, "fields": {"action_time": "2024-04-04T12:30:26.632Z", "user": 1, "content_type": 28, "object_id": "13", "object_repr": "test_user2 - 2024/4", "action_flag": 1, "change_message": "[{\"added\": {}}]"}}, {"model": "admin.logentry", "pk": 176, "fields": {"action_time": "2024-04-04T12:30:42.059Z", "user": 1, "content_type": 28, "object_id": "14", "object_repr": "Samurai_user02 - 2024/4", "action_flag": 1, "change_message": "[{\"added\": {}}]"}}, {"model": "admin.logentry", "pk": 177, "fields": {"action_time": "2024-04-04T12:30:54.991Z", "user": 1, "content_type": 28, "object_id": "14", "object_repr": "Samurai_user01 - 2024/4", "action_flag": 2, "change_message": "[{\"changed\": {\"fields\": [\"\\u30e6\\u30fc\\u30b6\\u30fc\"]}}]"}}, {"model": "admin.logentry", "pk": 178, "fields": {"action_time": "2024-04-06T07:55:33.701Z", "user": 1, "content_type": 14, "object_id": "1", "object_repr": "madocaaoyama", "action_flag": 2, "change_message": "[{\"changed\": {\"fields\": [\"\\u7ba1\\u7406\\u8005\"]}}]"}}, {"model": "admin.logentry", "pk": 179, "fields": {"action_time": "2024-04-06T09:37:05.293Z", "user": 1, "content_type": 11, "object_id": "24", "object_repr": "喫茶なごや", "action_flag": 2, "change_message": "[{\"changed\": {\"fields\": [\"\\u753b\\u50cf\"]}}]"}}, {"model": "admin.logentry", "pk": 180, "fields": {"action_time": "2024-04-06T13:19:20.210Z", "user": 1, "content_type": 14, "object_id": "1", "object_repr": "kanri_user_000", "action_flag": 2, "change_message": "[{\"changed\": {\"fields\": [\"Username\"]}}]"}}, {"model": "admin.logentry", "pk": 181, "fields": {"action_time": "2024-04-06T13:19:55.894Z", "user": 1, "content_type": 14, "object_id": "1", "object_repr": "kanri_user_000", "action_flag": 2, "change_message": "[{\"changed\": {\"fields\": [\"Password\"]}}]"}}, {"model": "auth.permission", "pk": 1, "fields": {"name": "Can add log entry", "content_type": 1, "codename": "add_logentry"}}, {"model": "auth.permission", "pk": 2, "fields": {"name": "Can change log entry", "content_type": 1, "codename": "change_logentry"}}, {"model": "auth.permission", "pk": 3, "fields": {"name": "Can delete log entry", "content_type": 1, "codename": "delete_logentry"}}, {"model": "auth.permission", "pk": 4, "fields": {"name": "Can view log entry", "content_type": 1, "codename": "view_logentry"}}, {"model": "auth.permission", "pk": 5, "fields": {"name": "Can add permission", "content_type": 2, "codename": "add_permission"}}, {"model": "auth.permission", "pk": 6, "fields": {"name": "Can change permission", "content_type": 2, "codename": "change_permission"}}, {"model": "auth.permission", "pk": 7, "fields": {"name": "Can delete permission", "content_type": 2, "codename": "delete_permission"}}, {"model": "auth.permission", "pk": 8, "fields": {"name": "Can view permission", "content_type": 2, "codename": "view_permission"}}, {"model": "auth.permission", "pk": 9, "fields": {"name": "Can add group", "content_type": 3, "codename": "add_group"}}, {"model": "auth.permission", "pk": 10, "fields": {"name": "Can change group", "content_type": 3, "codename": "change_group"}}, {"model": "auth.permission", "pk": 11, "fields": {"name": "Can delete group", "content_type": 3, "codename": "delete_group"}}, {"model": "auth.permission", "pk": 12, "fields": {"name": "Can view group", "content_type": 3, "codename": "view_group"}}, {"model": "auth.permission", "pk": 13, "fields": {"name": "Can add user", "content_type": 4, "codename": "add_user"}}, {"model": "auth.permission", "pk": 14, "fields": {"name": "Can change user", "content_type": 4, "codename": "change_user"}}, {"model": "auth.permission", "pk": 15, "fields": {"name": "Can delete user", "content_type": 4, "codename": "delete_user"}}, {"model": "auth.permission", "pk": 16, "fields": {"name": "Can view user", "content_type": 4, "codename": "view_user"}}, {"model": "auth.permission", "pk": 17, "fields": {"name": "Can add content type", "content_type": 5, "codename": "add_contenttype"}}, {"model": "auth.permission", "pk": 18, "fields": {"name": "Can change content type", "content_type": 5, "codename": "change_contenttype"}}, {"model": "auth.permission", "pk": 19, "fields": {"name": "Can delete content type", "content_type": 5, "codename": "delete_contenttype"}}, {"model": "auth.permission", "pk": 20, "fields": {"name": "Can view content type", "content_type": 5, "codename": "view_contenttype"}}, {"model": "auth.permission", "pk": 21, "fields": {"name": "Can add session", "content_type": 6, "codename": "add_session"}}, {"model": "auth.permission", "pk": 22, "fields": {"name": "Can change session", "content_type": 6, "codename": "change_session"}}, {"model": "auth.permission", "pk": 23, "fields": {"name": "Can delete session", "content_type": 6, "codename": "delete_session"}}, {"model": "auth.permission", "pk": 24, "fields": {"name": "Can view session", "content_type": 6, "codename": "view_session"}}, {"model": "auth.permission", "pk": 25, "fields": {"name": "Can add area", "content_type": 7, "codename": "add_area"}}, {"model": "auth.permission", "pk": 26, "fields": {"name": "Can change area", "content_type": 7, "codename": "change_area"}}, {"model": "auth.permission", "pk": 27, "fields": {"name": "Can delete area", "content_type": 7, "codename": "delete_area"}}, {"model": "auth.permission", "pk": 28, "fields": {"name": "Can view area", "content_type": 7, "codename": "view_area"}}, {"model": "auth.permission", "pk": 29, "fields": {"name": "Can add genre image", "content_type": 8, "codename": "add_genreimage"}}, {"model": "auth.permission", "pk": 30, "fields": {"name": "Can change genre image", "content_type": 8, "codename": "change_genreimage"}}, {"model": "auth.permission", "pk": 31, "fields": {"name": "Can delete genre image", "content_type": 8, "codename": "delete_genreimage"}}, {"model": "auth.permission", "pk": 32, "fields": {"name": "Can view genre image", "content_type": 8, "codename": "view_genreimage"}}, {"model": "auth.permission", "pk": 33, "fields": {"name": "Can add genre", "content_type": 9, "codename": "add_genre"}}, {"model": "auth.permission", "pk": 34, "fields": {"name": "Can change genre", "content_type": 9, "codename": "change_genre"}}, {"model": "auth.permission", "pk": 35, "fields": {"name": "Can delete genre", "content_type": 9, "codename": "delete_genre"}}, {"model": "auth.permission", "pk": 36, "fields": {"name": "Can view genre", "content_type": 9, "codename": "view_genre"}}, {"model": "auth.permission", "pk": 37, "fields": {"name": "Can add restaurant", "content_type": 10, "codename": "add_restaurant"}}, {"model": "auth.permission", "pk": 38, "fields": {"name": "Can change restaurant", "content_type": 10, "codename": "change_restaurant"}}, {"model": "auth.permission", "pk": 39, "fields": {"name": "Can delete restaurant", "content_type": 10, "codename": "delete_restaurant"}}, {"model": "auth.permission", "pk": 40, "fields": {"name": "Can view restaurant", "content_type": 10, "codename": "view_restaurant"}}, {"model": "auth.permission", "pk": 41, "fields": {"name": "Can add restaurant", "content_type": 11, "codename": "add_restaurant"}}, {"model": "auth.permission", "pk": 42, "fields": {"name": "Can change restaurant", "content_type": 11, "codename": "change_restaurant"}}, {"model": "auth.permission", "pk": 43, "fields": {"name": "Can delete restaurant", "content_type": 11, "codename": "delete_restaurant"}}, {"model": "auth.permission", "pk": 44, "fields": {"name": "Can view restaurant", "content_type": 11, "codename": "view_restaurant"}}, {"model": "auth.permission", "pk": 45, "fields": {"name": "Can add area", "content_type": 12, "codename": "add_area"}}, {"model": "auth.permission", "pk": 46, "fields": {"name": "Can change area", "content_type": 12, "codename": "change_area"}}, {"model": "auth.permission", "pk": 47, "fields": {"name": "Can delete area", "content_type": 12, "codename": "delete_area"}}, {"model": "auth.permission", "pk": 48, "fields": {"name": "Can view area", "content_type": 12, "codename": "view_area"}}, {"model": "auth.permission", "pk": 49, "fields": {"name": "Can add genre", "content_type": 13, "codename": "add_genre"}}, {"model": "auth.permission", "pk": 50, "fields": {"name": "Can change genre", "content_type": 13, "codename": "change_genre"}}, {"model": "auth.permission", "pk": 51, "fields": {"name": "Can delete genre", "content_type": 13, "codename": "delete_genre"}}, {"model": "auth.permission", "pk": 52, "fields": {"name": "Can view genre", "content_type": 13, "codename": "view_genre"}}, {"model": "auth.permission", "pk": 53, "fields": {"name": "Can add user", "content_type": 14, "codename": "add_user"}}, {"model": "auth.permission", "pk": 54, "fields": {"name": "Can change user", "content_type": 14, "codename": "change_user"}}, {"model": "auth.permission", "pk": 55, "fields": {"name": "Can delete user", "content_type": 14, "codename": "delete_user"}}, {"model": "auth.permission", "pk": 56, "fields": {"name": "Can view user", "content_type": 14, "codename": "view_user"}}, {"model": "auth.permission", "pk": 57, "fields": {"name": "Can add review", "content_type": 15, "codename": "add_review"}}, {"model": "auth.permission", "pk": 58, "fields": {"name": "Can change review", "content_type": 15, "codename": "change_review"}}, {"model": "auth.permission", "pk": 59, "fields": {"name": "Can delete review", "content_type": 15, "codename": "delete_review"}}, {"model": "auth.permission", "pk": 60, "fields": {"name": "Can view review", "content_type": 15, "codename": "view_review"}}, {"model": "auth.permission", "pk": 61, "fields": {"name": "Can add user", "content_type": 16, "codename": "add_registereduser"}}, {"model": "auth.permission", "pk": 62, "fields": {"name": "Can change user", "content_type": 16, "codename": "change_registereduser"}}, {"model": "auth.permission", "pk": 63, "fields": {"name": "Can delete user", "content_type": 16, "codename": "delete_registereduser"}}, {"model": "auth.permission", "pk": 64, "fields": {"name": "Can view user", "content_type": 16, "codename": "view_registereduser"}}, {"model": "auth.permission", "pk": 65, "fields": {"name": "Can add premium user", "content_type": 17, "codename": "add_premiumuser"}}, {"model": "auth.permission", "pk": 66, "fields": {"name": "Can change premium user", "content_type": 17, "codename": "change_premiumuser"}}, {"model": "auth.permission", "pk": 67, "fields": {"name": "Can delete premium user", "content_type": 17, "codename": "delete_premiumuser"}}, {"model": "auth.permission", "pk": 68, "fields": {"name": "Can view premium user", "content_type": 17, "codename": "view_premiumuser"}}, {"model": "auth.permission", "pk": 69, "fields": {"name": "Can add booking", "content_type": 18, "codename": "add_booking"}}, {"model": "auth.permission", "pk": 70, "fields": {"name": "Can change booking", "content_type": 18, "codename": "change_booking"}}, {"model": "auth.permission", "pk": 71, "fields": {"name": "Can delete booking", "content_type": 18, "codename": "delete_booking"}}, {"model": "auth.permission", "pk": 72, "fields": {"name": "Can view booking", "content_type": 18, "codename": "view_booking"}}, {"model": "auth.permission", "pk": 73, "fields": {"name": "Can add favorite", "content_type": 19, "codename": "add_favorite"}}, {"model": "auth.permission", "pk": 74, "fields": {"name": "Can change favorite", "content_type": 19, "codename": "change_favorite"}}, {"model": "auth.permission", "pk": 75, "fields": {"name": "Can delete favorite", "content_type": 19, "codename": "delete_favorite"}}, {"model": "auth.permission", "pk": 76, "fields": {"name": "Can view favorite", "content_type": 19, "codename": "view_favorite"}}, {"model": "auth.permission", "pk": 77, "fields": {"name": "Can add company", "content_type": 20, "codename": "add_company"}}, {"model": "auth.permission", "pk": 78, "fields": {"name": "Can change company", "content_type": 20, "codename": "change_company"}}, {"model": "auth.permission", "pk": 79, "fields": {"name": "Can delete company", "content_type": 20, "codename": "delete_company"}}, {"model": "auth.permission", "pk": 80, "fields": {"name": "Can view company", "content_type": 20, "codename": "view_company"}}, {"model": "auth.permission", "pk": 81, "fields": {"name": "Can add reguration", "content_type": 21, "codename": "add_reguration"}}, {"model": "auth.permission", "pk": 82, "fields": {"name": "Can change reguration", "content_type": 21, "codename": "change_reguration"}}, {"model": "auth.permission", "pk": 83, "fields": {"name": "Can delete reguration", "content_type": 21, "codename": "delete_reguration"}}, {"model": "auth.permission", "pk": 84, "fields": {"name": "Can view reguration", "content_type": 21, "codename": "view_reguration"}}, {"model": "auth.permission", "pk": 85, "fields": {"name": "Can add upgrade", "content_type": 22, "codename": "add_upgrade"}}, {"model": "auth.permission", "pk": 86, "fields": {"name": "Can change upgrade", "content_type": 22, "codename": "change_upgrade"}}, {"model": "auth.permission", "pk": 87, "fields": {"name": "Can delete upgrade", "content_type": 22, "codename": "delete_upgrade"}}, {"model": "auth.permission", "pk": 88, "fields": {"name": "Can view upgrade", "content_type": 22, "codename": "view_upgrade"}}, {"model": "auth.permission", "pk": 89, "fields": {"name": "Can add stripe customer", "content_type": 22, "codename": "add_stripecustomer"}}, {"model": "auth.permission", "pk": 90, "fields": {"name": "Can change stripe customer", "content_type": 22, "codename": "change_stripecustomer"}}, {"model": "auth.permission", "pk": 91, "fields": {"name": "Can delete stripe customer", "content_type": 22, "codename": "delete_stripecustomer"}}, {"model": "auth.permission", "pk": 92, "fields": {"name": "Can view stripe customer", "content_type": 22, "codename": "view_stripecustomer"}}, {"model": "auth.permission", "pk": 93, "fields": {"name": "Can add sale", "content_type": 23, "codename": "add_sale"}}, {"model": "auth.permission", "pk": 94, "fields": {"name": "Can change sale", "content_type": 23, "codename": "change_sale"}}, {"model": "auth.permission", "pk": 95, "fields": {"name": "Can delete sale", "content_type": 23, "codename": "delete_sale"}}, {"model": "auth.permission", "pk": 96, "fields": {"name": "Can view sale", "content_type": 23, "codename": "view_sale"}}, {"model": "auth.permission", "pk": 97, "fields": {"name": "Can add sales", "content_type": 24, "codename": "add_sales"}}, {"model": "auth.permission", "pk": 98, "fields": {"name": "Can change sales", "content_type": 24, "codename": "change_sales"}}, {"model": "auth.permission", "pk": 99, "fields": {"name": "Can delete sales", "content_type": 24, "codename": "delete_sales"}}, {"model": "auth.permission", "pk": 100, "fields": {"name": "Can view sales", "content_type": 24, "codename": "view_sales"}}, {"model": "auth.permission", "pk": 101, "fields": {"name": "Can add cron job log", "content_type": 25, "codename": "add_cronjoblog"}}, {"model": "auth.permission", "pk": 102, "fields": {"name": "Can change cron job log", "content_type": 25, "codename": "change_cronjoblog"}}, {"model": "auth.permission", "pk": 103, "fields": {"name": "Can delete cron job log", "content_type": 25, "codename": "delete_cronjoblog"}}, {"model": "auth.permission", "pk": 104, "fields": {"name": "Can view cron job log", "content_type": 25, "codename": "view_cronjoblog"}}, {"model": "auth.permission", "pk": 105, "fields": {"name": "Can add cron job lock", "content_type": 26, "codename": "add_cronjoblock"}}, {"model": "auth.permission", "pk": 106, "fields": {"name": "Can change cron job lock", "content_type": 26, "codename": "change_cronjoblock"}}, {"model": "auth.permission", "pk": 107, "fields": {"name": "Can delete cron job lock", "content_type": 26, "codename": "delete_cronjoblock"}}, {"model": "auth.permission", "pk": 108, "fields": {"name": "Can view cron job lock", "content_type": 26, "codename": "view_cronjoblock"}}, {"model": "auth.permission", "pk": 109, "fields": {"name": "Can add 月間売上", "content_type": 27, "codename": "add_monthlysales"}}, {"model": "auth.permission", "pk": 110, "fields": {"name": "Can change 月間売上", "content_type": 27, "codename": "change_monthlysales"}}, {"model": "auth.permission", "pk": 111, "fields": {"name": "Can delete 月間売上", "content_type": 27, "codename": "delete_monthlysales"}}, {"model": "auth.permission", "pk": 112, "fields": {"name": "Can view 月間売上", "content_type": 27, "codename": "view_monthlysales"}}, {"model": "auth.permission", "pk": 113, "fields": {"name": "Can add サブスクリプションレコード", "content_type": 28, "codename": "add_subscription_record"}}, {"model": "auth.permission", "pk": 114, "fields": {"name": "Can change サブスクリプションレコード", "content_type": 28, "codename": "change_subscription_record"}}, {"model": "auth.permission", "pk": 115, "fields": {"name": "Can delete サブスクリプションレコード", "content_type": 28, "codename": "delete_subscription_record"}}, {"model": "auth.permission", "pk": 116, "fields": {"name": "Can view サブスクリプションレコード", "content_type": 28, "codename": "view_subscription_record"}}, {"model": "auth.group", "pk": 1, "fields": {"name": "管理者", "permissions": [65, 66, 67, 68, 61, 62, 63, 64, 1, 2, 3, 4, 9, 10, 11, 12, 5, 6, 7, 8, 13, 14, 15, 16, 45, 46, 47, 48, 49, 50, 51, 52, 41, 42, 43, 44, 57, 58, 59, 60, 53, 54, 55, 56, 17, 18, 19, 20, 25, 26, 27, 28, 33, 34, 35, 36, 29, 30, 31, 32, 37, 38, 39, 40, 21, 22, 23, 24]}}, {"model": "auth.group", "pk": 2, "fields": {"name": "会員", "permissions": []}}, {"model": "contenttypes.contenttype", "pk": 1, "fields": {"app_label": "admin", "model": "logentry"}}, {"model": "contenttypes.contenttype", "pk": 2, "fields": {"app_label": "auth", "model": "permission"}}, {"model": "contenttypes.contenttype", "pk": 3, "fields": {"app_label": "auth", "model": "group"}}, {"model": "contenttypes.contenttype", "pk": 4, "fields": {"app_label": "auth", "model": "user"}}, {"model": "contenttypes.contenttype", "pk": 5, "fields": {"app_label": "contenttypes", "model": "contenttype"}}, {"model": "contenttypes.contenttype", "pk": 6, "fields": {"app_label": "sessions", "model": "session"}}, {"model": "contenttypes.contenttype", "pk": 7, "fields": {"app_label": "general", "model": "area"}}, {"model": "contenttypes.contenttype", "pk": 8, "fields": {"app_label": "general", "model": "genreimage"}}, {"model": "contenttypes.contenttype", "pk": 9, "fields": {"app_label": "general", "model": "genre"}}, {"model": "contenttypes.contenttype", "pk": 10, "fields": {"app_label": "general", "model": "restaurant"}}, {"model": "contenttypes.contenttype", "pk": 11, "fields": {"app_label": "commondb", "model": "restaurant"}}, {"model": "contenttypes.contenttype", "pk": 12, "fields": {"app_label": "commondb", "model": "area"}}, {"model": "contenttypes.contenttype", "pk": 13, "fields": {"app_label": "commondb", "model": "genre"}}, {"model": "contenttypes.contenttype", "pk": 14, "fields": {"app_label": "commondb", "model": "user"}}, {"model": "contenttypes.contenttype", "pk": 15, "fields": {"app_label": "commondb", "model": "review"}}, {"model": "contenttypes.contenttype", "pk": 16, "fields": {"app_label": "accounts", "model": "registereduser"}}, {"model": "contenttypes.contenttype", "pk": 17, "fields": {"app_label": "accounts", "model": "premiumuser"}}, {"model": "contenttypes.contenttype", "pk": 18, "fields": {"app_label": "commondb", "model": "booking"}}, {"model": "contenttypes.contenttype", "pk": 19, "fields": {"app_label": "commondb", "model": "favorite"}}, {"model": "contenttypes.contenttype", "pk": 20, "fields": {"app_label": "commondb", "model": "company"}}, {"model": "contenttypes.contenttype", "pk": 21, "fields": {"app_label": "commondb", "model": "reguration"}}, {"model": "contenttypes.contenttype", "pk": 22, "fields": {"app_label": "commondb", "model": "stripecustomer"}}, {"model": "contenttypes.contenttype", "pk": 23, "fields": {"app_label": "commondb", "model": "sale"}}, {"model": "contenttypes.contenttype", "pk": 24, "fields": {"app_label": "commondb", "model": "sales"}}, {"model": "contenttypes.contenttype", "pk": 25, "fields": {"app_label": "django_cron", "model": "cronjoblog"}}, {"model": "contenttypes.contenttype", "pk": 26, "fields": {"app_label": "django_cron", "model": "cronjoblock"}}, {"model": "contenttypes.contenttype", "pk": 27, "fields": {"app_label": "commondb", "model": "monthlysales"}}, {"model": "contenttypes.contenttype", "pk": 28, "fields": {"app_label": "commondb", "model": "subscription_record"}}, {"model": "sessions.session", "pk": "49yldfy3o0u8rs4nai1pxoy0zfvqqdsr", "fields": {"session_data": ".eJxVjEEOwiAQRe_C2pApQym4dO8ZyNAZpGpKUtqV8e7apAvd_vfef6lI21ri1mSJE6uz6ow6_Y6JxofMO-E7zbeqxzqvy5T0ruiDNn2tLM_L4f4dFGrlW4NHASIDFPqAFhC9YHCQJQOLw57yYHPH1rHn0Q2JELEb0EhIjD6r9wfymzfU:1rtNWI:zV8SdsF4BAAVkms4ljuD-ZD9MEqr5zDAbS3BHy3zTb8", "expire_date": "2024-04-21T08:04:54.418Z"}}, {"model": "sessions.session", "pk": "h68xzu9ypvygrftf43t8js2vtuswsbzf", "fields": {"session_data": ".eJxVjEEOwiAQAP_C2RCgLKwevfsGwrJUqgaS0p6MfzckPeh1ZjJvEeK-lbD3vIaFxUVocfplFNMz1yH4Eeu9ydTqti4kRyIP2-WtcX5dj_ZvUGIvY0vswCEmYzUyKkfJIUAkyxMYnbL302w1KZ7xrMAbgGwVkvKevCYUny_Ftjbq:1rhU74:XBXSnIgBK9BoMaGBZNtlrnADkrQ4NwMwEo3Y17RQOns", "expire_date": "2024-03-19T12:41:42.954Z"}}, {"model": "sessions.session", "pk": "k3fbrwb5cciubylfxxncwhsnfe8nm22f", "fields": {"session_data": ".eJxVjjsOwjAQRO_iGlnZxV9K-pwhWtsbEkCOZDsV4u4kKAW082ae5iUGWts0rJXLMCdxEVqcfrNA8cF5B-lO-bbIuORW5iD3ijxolf2S-Hk9un-Cieq0rcFGwLNTnhlAUWfIMjtMY1SdTxx9UhHdSOC9ShpHZ9DqAEYrwxAsbtLCtdFaKLfvU3x_AP-yPdM:1rhrEZ:TeW-I0u74aVKezu6TBReufxUJTtaALWUrBI7cmxtu_w", "expire_date": "2024-03-20T13:22:59.252Z"}}, {"model": "sessions.session", "pk": "ltwqh4m3ye9gwm2c504rmbzzzeijvmxm", "fields": {"session_data": ".eJxVjDsOwjAQBe_iGlnZOJa9lPScwVr7LTiAEimfKuLuECkFtG9m3maSrEtN66xT6mHOhszpd8tSnjrsAA8Z7qMt47BMfba7Yg862-sIfV0O9--gyly_ddsxgZtbptA4n9kLF4I6z-iICgMtHDFrzHAafBSGSpBYglADmPcH2Nw4Ow:1rhSrW:dNDdyqrgFPUOLasXO2q2VWZ993dLEmGcWEVMGDDN1no", "expire_date": "2024-03-19T11:21:34.796Z"}}, {"model": "sessions.session", "pk": "mlqd57gtn1fbtrzo7cu1zuwg4634rmc7", "fields": {"session_data": ".eJxVjEEOwiAQAP_C2RCgLKwevfsGwrJUqgaS0p6MfzckPeh1ZjJvEeK-lbD3vIaFxUVocfplFNMz1yH4Eeu9ydTqti4kRyIP2-WtcX5dj_ZvUGIvY0vswCEmYzUyKkfJIUAkyxMYnbL302w1KZ7xrMAbgGwVkvKevCYUny_Ftjbq:1rhU77:1FrtnmtodkOYS2AATUU6_y0t3NsbaUkbLjhYcopU-Z0", "expire_date": "2024-03-19T12:41:45.719Z"}}, {"model": "sessions.session", "pk": "ptzndogr6bvbqkp23hp8aqphjd7g0pt6", "fields": {"session_data": ".eJxVjDsOwjAQBe_iGlnZOJa9lPScwVr7LTiAEimfKuLuECkFtG9m3maSrEtN66xT6mHOhszpd8tSnjrsAA8Z7qMt47BMfba7Yg862-sIfV0O9--gyly_ddsxgZtbptA4n9kLF4I6z-iICgMtHDFrzHAafBSGSpBYglADmPcH2Nw4Ow:1rg163:D6iqnxKqOc_M0uNfsjhZCKfGfHCJUYRrMScVJ_Iv6DA", "expire_date": "2024-03-15T11:30:35.400Z"}}, {"model": "sessions.session", "pk": "qnml0mhmgem4boclil3tyhgkhrbd6kl8", "fields": {"session_data": ".eJxVjDsOwjAQRO_iGllxvP5R0ucM1q4_OIBsKU4qxN1JpBRQTDPvzbyZx20tfutp8XNkVybY5bcjDM9UDxAfWO-Nh1bXZSZ-KPyknU8tptftdP8OCvayr01Ai0DKkDXZSSv3jBrdQEoZCANmtCqApFE7TUJriOBM0g6yyEiRfb7QITeQ:1rab10:wq3d3tpAlVfR7PbfMbkagzBQhFV7nM98rPYnySJkdeI", "expire_date": "2024-02-29T12:38:58.995Z"}}, {"model": "sessions.session", "pk": "w0ymarzt1opjy3la3w1e9ydf01df42is", "fields": {"session_data": ".eJxVjMsOgjAQRf-la9P0MTIzLt3zDWSgg6CmTSisjP-uJCx0e88592U62dap26ou3ZzMxXhz-t16GR6ad5Dukm_FDiWvy9zbXbEHrbYtSZ_Xw_07mKRO3zoMJBRHAI_kGmwgSiQVcsIcgDVEUFb26LXH0Z2BIxOrIqaAiUbz_gC1Wzbn:1rZU5B:bCuR-NbHmWt8tBfdkHMgYtmKyxen_Kh4vB0gdeqmtDM", "expire_date": "2024-02-26T11:02:41.136Z"}}, {"model": "commondb.user", "pk": 1, "fields": {"password": "pbkdf2_sha256$", "last_login": "2024-04-06T13:18:13Z", "is_superuser": true, "username": "kanri_user_000", "first_name": "", "last_name": "", "email": "mmmammm17@yahoo.co.jp", "is_staff": true, "is_active": true, "date_joined": "2024-02-17T08:11:24Z", "is_paid_member": true, "is_manage_member": true, "groups": [], "user_permissions": []}}, {"model": "commondb.user", "pk": 5, "fields": {"password": "pbkdf2_sha256$600000$uDvmPlOaAx0TVg6wRNO8mG$23MGKgVEUbGsDgf0bp9PlILe0GA23moL8qzSj/WllGE=", "last_login": "2024-04-07T03:00:03.785Z", "is_superuser": false, "username": "test_user1", "first_name": "テスト", "last_name": "テス", "email": "mmmammm17@yahoo.co.jp", "is_staff": false, "is_active": true, "date_joined": "2024-02-19T12:51:53Z", "is_paid_member": true, "is_manage_member": false, "groups": [], "user_permissions": []}}, {"model": "commondb.user", "pk": 6, "fields": {"password": "pbkdf2_sha256$600000$sxpEEHNyEFGoVFubjoMV9c$7bC9LdUl6oe4wL2OOLdyB2+XmcBmdsxE6g6PBO+KuqA=", "last_login": "2024-04-05T02:55:11.778Z", "is_superuser": false, "username": "test_user2", "first_name": "", "last_name": "", "email": "1234@pahoo.co.jp", "is_staff": false, "is_active": true, "date_joined": "2024-02-26T10:48:42.519Z", "is_paid_member": true, "is_manage_member": false, "groups": [], "user_permissions": []}}, {"model": "commondb.user", "pk": 7, "fields": {"password": "pbkdf2_sha256$600000$HxWDZWUGUOif9Elwx9wSob$Rz1QjRJ2ZsT3VNKfd20Yt+4VZe6ZHxAjs0EJjB9L+qo=", "last_login": "2024-04-01T13:38:31.551Z", "is_superuser": false, "username": "test_user3", "first_name": "", "last_name": "", "email": "123451@hyahoo.bo.jp", "is_staff": false, "is_active": true, "date_joined": "2024-02-26T10:51:39.611Z", "is_paid_member": true, "is_manage_member": false, "groups": [], "user_permissions": []}}, {"model": "commondb.user", "pk": 8, "fields": {"password": "pbkdf2_sha256$600000$F9Jzwy2aRu0BZuEY9ywdRd$JexqKNdGBl/NZy/cHHXV5ZTiQujwZLoH/njVrejTAQM=", "last_login": "2024-04-06T13:07:33.598Z", "is_superuser": false, "username": "AdminUser02", "first_name": "", "last_name": "", "email": "qwerrrrrr98765@uoy.ni", "is_staff": true, "is_active": true, "date_joined": "2024-03-11T10:47:40Z", "is_paid_member": false, "is_manage_member": true, "groups": [1], "user_permissions": []}}, {"model": "commondb.user", "pk": 11, "fields": {"password": "pbkdf2_sha256$600000$8a0o3eg1jP8SIpFhahgJlt$iYOlDiluYM2VMWMnG1G12E8xZNXF4n8zB3o8o73e69s=", "last_login": "2024-04-06T13:55:06.065Z", "is_superuser": false, "username": "Samurai_user01", "first_name": "", "last_name": "", "email": "samurai_sample@samurai.jp", "is_staff": false, "is_active": true, "date_joined": "2024-03-31T02:11:18Z", "is_paid_member": true, "is_manage_member": false, "groups": [], "user_permissions": []}}, {"model": "commondb.user", "pk": 12, "fields": {"password": "pbkdf2_sha256$600000$zca2qSXujA7fwfyEOZf9Fp$h9vK/2FXobCAWRObfHsU6SDZiq947efMOstoVSABZkY=", "last_login": "2024-04-07T08:04:54.414Z", "is_superuser": false, "username": "AdminUser01", "first_name": "", "last_name": "", "email": "1233@fghjjjjj.com", "is_staff": false, "is_active": true, "date_joined": "2024-04-04T12:15:26Z", "is_paid_member": false, "is_manage_member": true, "groups": [], "user_permissions": []}}, {"model": "commondb.user", "pk": 13, "fields": {"password": "pbkdf2_sha256$600000$rDWNDitjPh0eXEOrXMZVgI$k+eg/kGK94R0Dn6AX7ZfxaplkQAg+hHKDIAeO7GX8U0=", "last_login": "2024-04-06T13:29:59.047Z", "is_superuser": false, "username": "AdminUser03", "first_name": "", "last_name": "", "email": "12244hsdfs@sss.com", "is_staff": false, "is_active": true, "date_joined": "2024-04-04T12:16:25Z", "is_paid_member": false, "is_manage_member": true, "groups": [], "user_permissions": []}}, {"model": "commondb.user", "pk": 14, "fields": {"password": "pbkdf2_sha256$600000$PWBUn92HJ0XCfJkKMqXYja$eJs6p6mENPS9Zp7JfeP29EMSNeeE/NRnTPm19gCDYsk=", "last_login": "2024-04-06T08:19:36.072Z", "is_superuser": false, "username": "Samurai_user02", "first_name": "", "last_name": "", "email": "ffijiojoijopkjjjj@122jj.com", "is_staff": false, "is_active": true, "date_joined": "2024-04-04T12:18:56Z", "is_paid_member": true, "is_manage_member": false, "groups": [], "user_permissions": []}}, {"model": "commondb.user", "pk": 16, "fields": {"password": "pbkdf2_sha256$600000$woXhjHPnrjybg0txULI8Nj$wzdhYgxF0pTPbKP1w6VuvPXciWOQL6zGVDD8UoLZn20=", "last_login": "2024-04-07T07:29:55.417Z", "is_superuser": true, "username": "super_user_samurai001", "first_name": "SUPER", "last_name": "USER", "email": "mmmammm17@yahoo.co.jp", "is_staff": true, "is_active": true, "date_joined": "2024-04-06T13:22:13.856Z", "is_paid_member": false, "is_manage_member": false, "groups": [], "user_permissions": []}}, {"model": "commondb.user", "pk": 17, "fields": {"password": "pbkdf2_sha256$600000$bFjyQoLMA1X0KHd5KVEYou$iRy2uxEwiJ+guhLsZHPJAl/caZmMszldbaiDv+4pQ3s=", "last_login": "2024-04-07T05:45:35.163Z", "is_superuser": false, "username": "test_user4", "first_name": "テスト", "last_name": "テス", "email": "mmmammm17@yahoo.co.jp", "is_staff": false, "is_active": true, "date_joined": "2024-04-07T04:55:51.565Z", "is_paid_member": true, "is_manage_member": false, "groups": [], "user_permissions": []}}, {"model": "commondb.area", "pk": 1, "fields": {"name": "千種区"}}, {"model": "commondb.area", "pk": 2, "fields": {"name": "中区"}}, {"model": "commondb.area", "pk": 3, "fields": {"name": "中川区"}}, {"model": "commondb.area", "pk": 4, "fields": {"name": "守山区"}}, {"model": "commondb.area", "pk": 5, "fields": {"name": "西区"}}, {"model": "commondb.area", "pk": 6, "fields": {"name": "北区"}}, {"model": "commondb.area", "pk": 7, "fields": {"name": "熱田区"}}, {"model": "commondb.area", "pk": 8, "fields": {"name": "天白区"}}, {"model": "commondb.area", "pk": 9, "fields": {"name": "東区"}}, {"model": "commondb.area", "pk": 10, "fields": {"name": "瑞穂区"}}, {"model": "commondb.area", "pk": 11, "fields": {"name": "緑区"}}, {"model": "commondb.area", "pk": 12, "fields": {"name": "港区"}}, {"model": "commondb.area", "pk": 13, "fields": {"name": "南区"}}, {"model": "commondb.area", "pk": 14, "fields": {"name": "名東区"}}, {"model": "commondb.area", "pk": 15, "fields": {"name": "昭和区"}}, {"model": "commondb.area", "pk": 16, "fields": {"name": "中村区"}}, {"model": "commondb.area", "pk": 17, "fields": {"name": "春日井市"}}, {"model": "commondb.area", "pk": 18, "fields": {"name": "尾張旭市"}}, {"model": "commondb.area", "pk": 19, "fields": {"name": "瀬戸市"}}, {"model": "commondb.area", "pk": 20, "fields": {"name": "北名古屋市"}}, {"model": "commondb.area", "pk": 21, "fields": {"name": "一宮市"}}, {"model": "commondb.area", "pk": 22, "fields": {"name": "清須市"}}, {"model": "commondb.area", "pk": 23, "fields": {"name": "大府市"}}, {"model": "commondb.area", "pk": 24, "fields": {"name": "小牧市"}}, {"model": "commondb.area", "pk": 25, "fields": {"name": "犬山市"}}, {"model": "commondb.genre", "pk": 1, "fields": {"name": "名古屋メシ", "image": "genre_images/genre_na.png"}}, {"model": "commondb.genre", "pk": 2, "fields": {"name": "食べ歩き", "image": "genre_images/genre_tabe.png"}}, {"model": "commondb.genre", "pk": 3, "fields": {"name": "ラーメン", "image": "genre_images/genre_ra.png"}}, {"model": "commondb.genre", "pk": 4, "fields": {"name": "洋食", "image": "genre_images/genre_we.png"}}, {"model": "commondb.genre", "pk": 5, "fields": {"name": "イタリアン", "image": "genre_images/genre_Ita.png"}}, {"model": "commondb.genre", "pk": 6, "fields": {"name": "和食", "image": "genre_images/genre_ja.png"}}, {"model": "commondb.genre", "pk": 7, "fields": {"name": "スイーツ", "image": ""}}, {"model": "commondb.genre", "pk": 8, "fields": {"name": "アジアンフード", "image": ""}}, {"model": "commondb.genre", "pk": 9, "fields": {"name": "中華", "image": ""}}, {"model": "commondb.genre", "pk": 10, "fields": {"name": "韓国料理", "image": ""}}, {"model": "commondb.genre", "pk": 13, "fields": {"name": "カフェ", "image": ""}}, {"model": "commondb.restaurant", "pk": 1, "fields": {"name": "たこやきやさん", "name_alphabet": "takoyakiyasan", "genre": 2, "address": "愛知県名古屋市千種区千種２丁目１６−１３ マックスバリュグランド千種若宮大通店", "area": 1, "phone": "01233333333", "time": "10:00-22:00", "price_low": "500", "price_high": "1000", "image": "restaurant_images/drica-pinotti-wbFtlJIYPNk-unsplash.jpg", "information": "お客様の笑顔に出会った感動を忘れることなく、「絶対うまい!!たこ焼き」を提供いたします。"}}, {"model": "commondb.restaurant", "pk": 2, "fields": {"name": "味噌煮込みやさん", "name_alphabet": "misonikomiyasan", "genre": 1, "address": "愛知県名古屋市東区泉１丁目１８−３３ 角丸うどん店", "area": 9, "phone": "0521111111", "time": "17:00-22:00", "price_low": "1000", "price_high": "3000", "image": "restaurant_images/mishonikomiudon_002.jpg", "information": "1916 年創業の飲食店。名古屋名物の味噌煮込みうどんを細麺で味わえる。"}}, {"model": "commondb.restaurant", "pk": 3, "fields": {"name": "ラーメン屋さん", "name_alphabet": "ramenyasan", "genre": 3, "address": "愛知県春日井市小野町４丁目１２３", "area": 17, "phone": "01234567890", "time": "10:00-22:00", "price_low": "1000", "price_high": "2000", "image": "restaurant_images/ramen-2199962_1280.jpg", "information": "店主無愛想ですがラーメンは真剣です"}}, {"model": "commondb.restaurant", "pk": 4, "fields": {"name": "ぱすたのおみせ", "name_alphabet": "pastanoomise", "genre": 5, "address": "愛知県名古屋市北区御成通３丁目１４−１ パックス上飯田 2B", "area": 6, "phone": "012000000000", "time": "17:00-22:00", "price_low": "1500", "price_high": "5000", "image": "restaurant_images/pasta-3150916_1280.jpg", "information": "ワイン片手にイタリア郷土料理をカジュアルに、またリーズナブルに味わっていただけるお料理を提供いたします。カウンターにはピッツァ窯を設置して、本格的なピッツァを味わっていただくとともに、イタリアンレストランならではのライブ感を演出しています。"}}, {"model": "commondb.restaurant", "pk": 5, "fields": {"name": "ハンバーガーやさん", "name_alphabet": "hambergeryasan", "genre": 4, "address": "愛知県名古屋市中村区名駅４丁目４−３８ WINC AICHI B1F", "area": 16, "phone": "12309876543", "time": "11:00-14:30/17:30-22:30", "price_low": "1000", "price_high": "3000", "image": "restaurant_images/hamburger-3694570_1280.jpg", "information": "WAVES のハンバーガーは、素材にこだわり、バンズ・野菜・パティー等、その一つ一つで食べても満足していただける事にこだわり、その“おいしい” を重ね合わせた、本物の“おいしい” ハンバーガーです。"}}, {"model": "commondb.restaurant", "pk": 6, "fields": {"name": "そばのおみせ", "name_alphabet": "sobanoomise", "genre": 6, "address": "愛知県名古屋市西区", "area": 5, "phone": "0000-1111-2222", "time": "11:00-14:30/17:30-22:00", "price_low": "900", "price_high": "3000", "image": "restaurant_images/28974782_s.jpg", "information": "親譲りの無鉄砲で小供の時から損ばかりしている。小学校に居る時分学校の二階から飛び降りて一週間ほど腰を抜かした事がある。なぜそんな無闇をしたと聞く人があるかも知れぬ。別段深い理由でもない。新築の二階から首を出していたら、同級生の一人が冗談に、いくら威張っても、そこから飛び降りる事は出来まい。弱虫やーい"}}, {"model": "commondb.restaurant", "pk": 7, "fields": {"name": "そばやさん", "name_alphabet": "sabayasan", "genre": 6, "address": "愛知県名古屋市中区栄", "area": 2, "phone": "0000-1111-2222", "time": "10:00-22:00", "price_low": "650", "price_high": "1300", "image": "restaurant_images/29290964_s.jpg", "information": "親譲りの無鉄砲で小供の時から損ばかりしている。小学校に居る時分学校の二階から飛び降りて一週間ほど腰を抜かした事がある。なぜそんな無闇をしたと聞く人があるかも知れぬ。別段深い理由でもない。新築の二階から首を出していたら、同級生の一人が冗談に、いくら威張っても、そこから飛び降りる事は出来まい。弱虫やーい"}}, {"model": "commondb.restaurant", "pk": 8, "fields": {"name": "みそにこみのおみせ", "name_alphabet": "mizonikominoomise", "genre": 1, "address": "愛知県名古屋市北区御成通", "area": 6, "phone": "0000-1111-2222", "time": "11:00-14:30/17:30-21:00", "price_low": "1200", "price_high": "5000", "image": "restaurant_images/tamariudon_003.jpg", "information": "つれづれなるまゝに、日暮らし、硯にむかひて、心にうつりゆくよしなし事を、そこはかとなく書きつくれば、あやしうこそものぐるほしけれ。（Wikipediaより）つれづれなるまゝに、日暮らし、硯にむかひて、心にうつりゆくよしなし事を、そこはかとなく書きつくれば、あやしうこそものぐるほしけれ。（Wikipe"}}, {"model": "commondb.restaurant", "pk": 9, "fields": {"name": "らうめん", "name_alphabet": "raumen", "genre": 3, "address": "愛知県名古屋市東区", "area": 9, "phone": "0000-1111-2222", "time": "11:00-15:30/17:30-24:00", "price_low": "1000", "price_high": "2000", "image": "restaurant_images/betokon_001.jpg", "information": "つれづれなるまゝに、日暮らし、硯にむかひて、心にうつりゆくよしなし事を、そこはかとなく書きつくれば、あやしうこそものぐるほしけれ。（Wikipediaより）つれづれなるまゝに、日暮らし、硯にむかひて、心にうつりゆくよしなし事を、そこはかとなく書きつくれば、あやしうこそものぐるほしけれ。（Wikipe"}}, {"model": "commondb.restaurant", "pk": 10, "fields": {"name": "うどんやさん", "name_alphabet": "udonyasan", "genre": 6, "address": "愛知県名古屋市港区", "area": 12, "phone": "0000-1111-2222", "time": "11:00-14:30/17:30-22:00", "price_low": "1000", "price_high": "1500", "image": "restaurant_images/koro_002.jpg", "information": "親譲りの無鉄砲で小供の時から損ばかりしている。小学校に居る時分学校の二階から飛び降りて一週間ほど腰を抜かした事がある。なぜそんな無闇をしたと聞く人があるかも知れぬ。別段深い理由でもない。新築の二階から首を出していたら、同級生の一人が冗談に、いくら威張っても、そこから飛び降りる事は出来まい。弱虫やーい。と囃したからである。小使に負ぶさって帰って来た時、おやじが大きな眼をして二階ぐらいから飛び降りて腰を抜かす奴があるかと云ったから、この次は抜かさずに飛んで見せますと答えた。（青空文庫より）"}}, {"model": "commondb.restaurant", "pk": 11, "fields": {"name": "えびや", "name_alphabet": "ebiya", "genre": 6, "address": "愛知県名古屋市守山区", "area": 4, "phone": "0000-1111-2222", "time": "11:00-14:30/17:30-21:00", "price_low": "1000", "price_high": "2000", "image": "restaurant_images/ebioroshi_003.jpg", "information": "親譲りの無鉄砲で小供の時から損ばかりしている。小学校に居る時分学校の二階から飛び降りて一週間ほど腰を抜かした事がある。なぜそんな無闇をしたと聞く人があるかも知れぬ。別段深い理由でもない。新築の二階から首を出していたら、同級生の一人が冗談に、いくら威張っても、そこから飛び降りる事は出来まい。弱虫やーい。と囃したからである。小使に負ぶさって帰って来た時、おやじが大きな眼をして二階ぐらいから飛び降りて腰を抜かす奴があるかと云ったから、この次は抜かさずに飛んで見せますと答えた。（青空文庫より）"}}, {"model": "commondb.restaurant", "pk": 12, "fields": {"name": "しのだ", "name_alphabet": "shinoda", "genre": 6, "address": "愛知県名古屋市熱田区", "area": 7, "phone": "0000-1111-2222", "time": "11:00-14:30/17:30-22:00", "price_low": "1000", "price_high": "3000", "image": "restaurant_images/shinoda_002.jpg", "information": "親譲りの無鉄砲で小供の時から損ばかりしている。小学校に居る時分学校の二階から飛び降りて一週間ほど腰を抜かした事がある。なぜそんな無闇をしたと聞く人があるかも知れぬ。別段深い理由でもない。新築の二階から首を出していたら、同級生の一人が冗談に、いくら威張っても、そこから飛び降りる事は出来まい。弱虫やーい"}}, {"model": "commondb.restaurant", "pk": 13, "fields": {"name": "とんちゃん", "name_alphabet": "tonchan", "genre": 10, "address": "愛知県名古屋市", "area": 8, "phone": "0000-1111-2222", "time": "17:00-22:00", "price_low": "1500", "price_high": "7000", "image": "restaurant_images/tonchan_003.jpg", "information": "親譲りの無鉄砲で小供の時から損ばかりしている。小学校に居る時分学校の二階から飛び降りて一週間ほど腰を抜かした事がある。なぜそんな無闇をしたと聞く人があるかも知れぬ。別段深い理由でもない。新築の二階から首を出していたら、同級生の一人が冗談に、いくら威張っても、そこから飛び降りる事は出来まい。弱虫やーい"}}, {"model": "commondb.restaurant", "pk": 14, "fields": {"name": "たいわんまぜそば", "name_alphabet": "taiwanmazesoba", "genre": 1, "address": "愛知県名古屋市瑞穂区", "area": 10, "phone": "0000-1111-2222", "time": "11:00-14:30/17:30-22:30", "price_low": "1000", "price_high": "2000", "image": "restaurant_images/taiwanmazesoba_001.jpg", "information": "親譲りの無鉄砲で小供の時から損ばかりしている。小学校に居る時分学校の二階から飛び降りて一週間ほど腰を抜かした事がある。なぜそんな無闇をしたと聞く人があるかも知れぬ。別段深い理由でもない。新築の二階から首を出していたら、同級生の一人が冗談に、いくら威張っても、そこから飛び降りる事は出来まい。弱虫やーい"}}, {"model": "commondb.restaurant", "pk": 15, "fields": {"name": "名古屋コーチンやさん", "name_alphabet": "nagoyacoochinyasan", "genre": 1, "address": "愛知県名古屋市中区", "area": 2, "phone": "0000-1111-2222", "time": "11:00-14:30/17:30-22:30", "price_low": "1500", "price_high": "5000", "image": "restaurant_images/nagoyacochin_002.jpg", "information": "親譲りの無鉄砲で小供の時から損ばかりしている。小学校に居る時分学校の二階から飛び降りて一週間ほど腰を抜かした事がある。なぜそんな無闇をしたと聞く人があるかも知れぬ。別段深い理由でもない。新築の二階から首を出していたら、同級生の一人が冗談に、いくら威張っても、そこから飛び降りる事は出来まい。弱虫やーい"}}, {"model": "commondb.restaurant", "pk": 16, "fields": {"name": "カリーや", "name_alphabet": "curryya", "genre": 6, "address": "愛知県名古屋市昭和区", "area": 15, "phone": "0000-1111-2222", "time": "11:00-14:30/17:30-21:00", "price_low": "1200", "price_high": "2000", "image": "restaurant_images/curryudon_003.jpg", "information": "親譲りの無鉄砲で小供の時から損ばかりしている。小学校に居る時分学校の二階から飛び降りて一週間ほど腰を抜かした事がある。なぜそんな無闇をしたと聞く人があるかも知れぬ。別段深い理由でもない。新築の二階から首を出していたら、同級生の一人が冗談に、いくら威張っても、そこから飛び降りる事は出来まい。弱虫やーい"}}, {"model": "commondb.restaurant", "pk": 18, "fields": {"name": "鬼饅頭処", "name_alphabet": "onimanjudokoro", "genre": 2, "address": "愛知県名古屋市昭和区", "area": 15, "phone": "0000-1111-2222", "time": "10:00-19:00", "price_low": "300", "price_high": "1500", "image": "restaurant_images/onimanju_002.jpg", "information": "親譲りの無鉄砲で小供の時から損ばかりしている。小学校に居る時分学校の二階から飛び降りて一週間ほど腰を抜かした事がある。なぜそんな無闇をしたと聞く人があるかも知れぬ。別段深い理由でもない。新築の二階から首を出していたら、同級生の一人が冗談に、いくら威張っても、そこから飛び降りる事は出来まい。弱虫やーい"}}, {"model": "commondb.restaurant", "pk": 19, "fields": {"name": "なごやかふぇ", "name_alphabet": "nagoyacafe", "genre": 13, "address": "愛知県名古屋市昭和区", "area": 15, "phone": "0000-1111-2222", "time": "8:00-21:00", "price_low": "300", "price_high": "2000", "image": "restaurant_images/morning_003.jpg", "information": "親譲りの無鉄砲で小供の時から損ばかりしている。小学校に居る時分学校の二階から飛び降りて一週間ほど腰を抜かした事がある。なぜそんな無闇をしたと聞く人があるかも知れぬ。別段深い理由でもない。新築の二階から首を出していたら、同級生の一人が冗談に、いくら威張っても、そこから飛び降りる事は出来まい。弱虫やーい"}}, {"model": "commondb.restaurant", "pk": 20, "fields": {"name": "ふらいやさん", "name_alphabet": "friyasan", "genre": 6, "address": "愛知県名古屋市名東区", "area": 14, "phone": "0000-1111-2222", "time": "11:00-14:30/17:30-21:00", "price_low": "1500", "price_high": "3000", "image": "restaurant_images/ebifurai_003.jpg", "information": "親譲りの無鉄砲で小供の時から損ばかりしている。小学校に居る時分学校の二階から飛び降りて一週間ほど腰を抜かした事がある。なぜそんな無闇をしたと聞く人があるかも知れぬ。別段深い理由でもない。新築の二階から首を出していたら、同級生の一人が冗談に、いくら威張っても、そこから飛び降りる事は出来まい。弱虫やーい"}}, {"model": "commondb.restaurant", "pk": 21, "fields": {"name": "おぐらさん", "name_alphabet": "ogurasan", "genre": 13, "address": "愛知県名古屋市南区", "area": 13, "phone": "0000-1111-2222", "time": "7:00-22:00", "price_low": "500", "price_high": "2000", "image": "restaurant_images/oguratoast_005.jpg", "information": "親譲りの無鉄砲で小供の時から損ばかりしている。小学校に居る時分学校の二階から飛び降りて一週間ほど腰を抜かした事がある。なぜそんな無闇をしたと聞く人があるかも知れぬ。別段深い理由でもない。新築の二階から首を出していたら、同級生の一人が冗談に、いくら威張っても、そこから飛び降りる事は出来まい。弱虫やーい"}}, {"model": "commondb.restaurant", "pk": 22, "fields": {"name": "どて煮ニコニコ", "name_alphabet": "doteninikoniko", "genre": 1, "address": "愛知県名古屋市千種区", "area": 1, "phone": "0000-1111-2222", "time": "17:00-22:00", "price_low": "1500", "price_high": "10000", "image": "restaurant_images/misooden_003.jpg", "information": "「ではみなさんは、そういうふうに川だと言われたり、乳の流れたあとだと言われたりしていた、このぼんやりと白いものがほんとうは何かご承知ですか」先生は、黒板につるした大きな黒い星座の図の、上から下へ白くけぶった銀河帯のようなところを指しながら、みんなに問いをかけました。カムパネルラが手をあげました。それから四、五人手をあげました。ジョバンニも手をあげようとして、急いでそのままやめました。"}}, {"model": "commondb.restaurant", "pk": 23, "fields": {"name": "あじせん", "name_alphabet": "ajisen", "genre": 1, "address": "愛知県名古屋市千種区", "area": 1, "phone": "0000-1111-2222", "time": "11:00-15:30/17:30-24:00", "price_low": "1000", "price_high": "3000", "image": "restaurant_images/taiwanramen_001.jpg", "information": "「ではみなさんは、そういうふうに川だと言われたり、乳の流れたあとだと言われたりしていた、このぼんやりと白いものがほんとうは何かご承知ですか」先生は、黒板につるした大きな黒い星座の図の、上から下へ白くけぶった銀河帯のようなところを指しながら、みんなに問いをかけました。\r\nカムパネルラが手をあげました。\r\nそれから四、五人手をあげました。\r\nジョバンニも手をあげようとして、急いでそのままやめました。"}}, {"model": "commondb.restaurant", "pk": 24, "fields": {"name": "喫茶なごや", "name_alphabet": "kissanagoya", "genre": 13, "address": "愛知県名古屋市千種区", "area": 1, "phone": "0000-1111-2222", "time": "8:00-22:00", "price_low": "500", "price_high": "2500", "image": "restaurant_images/oguratoast_001.jpg", "information": "「ではみなさんは、そういうふうに川だと言われたり、乳の流れたあとだと言われたりしていた、このぼんやりと白いものがほんとうは何かご承知ですか」先生は、黒板につるした大きな黒い星座の図の、上から下へ白くけぶった銀河帯のようなところを指しながら、みんなに問いをかけました。\r\nカムパネルラが手をあげました。\r\nそれから四、五人手をあげました。\r\nジョバンニも手をあげようとして、急いでそのままやめました。\r\nたしかにあ"}}, {"model": "commondb.restaurant", "pk": 25, "fields": {"name": "居酒屋 風", "name_alphabet": "izakayafuu", "genre": 6, "address": "愛知県名古屋市千種区", "area": 1, "phone": "0000-1111-2222", "time": "11:00-14:30/17:30-22:30", "price_low": "1000", "price_high": "5000", "image": "restaurant_images/doteni_005.jpg", "information": "私はその人を常に先生と呼んでいた。\r\nだからここでもただ先生と書くだけで本名は打ち明けない。\r\nこれは世間を憚かる遠慮というよりも、その方が私にとって自然だからである。\r\n私はその人の記憶を呼び起すごとに、すぐ「先生」といいたくなる。\r\n筆を執っても心持は同じ事である。\r\nよそよそしい頭文字などはとても使う気にならない"}}, {"model": "commondb.restaurant", "pk": 26, "fields": {"name": "おでんいざかやさん", "name_alphabet": "odenizakayasan", "genre": 6, "address": "愛知県名古屋市中区", "area": 2, "phone": "0000-1111-2222", "time": "17:00-翌1:00", "price_low": "1500", "price_high": "10000", "image": "restaurant_images/doteni_001.jpg", "information": "私はその人を常に先生と呼んでいた。\r\nだからここでもただ先生と書くだけで本名は打ち明けない。\r\nこれは世間を憚かる遠慮というよりも、その方が私にとって自然だからである。\r\n私はその人の記憶を呼び起すごとに、すぐ「先生」といいたくなる。\r\n筆を執っても心持は同じ事である。\r\nよそよそしい頭文字などはとても使う気にならない"}}, {"model": "commondb.restaurant", "pk": 27, "fields": {"name": "てんむすやさん", "name_alphabet": "tenmusuyasan", "genre": 1, "address": "愛知県名古屋市千種区", "area": 1, "phone": "0000-1111-2222", "time": "10:00-20:00", "price_low": "500", "price_high": "2000", "image": "restaurant_images/tenmusu_004.jpg", "information": "私はその人を常に先生と呼んでいた。\r\nだからここでもただ先生と書くだけで本名は打ち明けない。\r\nこれは世間を憚かる遠慮というよりも、その方が私にとって自然だからである。\r\n私はその人の記憶を呼び起すごとに、すぐ「先生」といいたくなる。\r\n筆を執っても心持は同じ事である。\r\nよそよそしい頭文字などはとても使う気にならない"}}, {"model": "commondb.restaurant", "pk": 28, "fields": {"name": "おにぎりはちべい", "name_alphabet": "onigirihachibei", "genre": 1, "address": "愛知県名古屋市中区", "area": 2, "phone": "0000-1111-2222", "time": "10:00-17:00", "price_low": "500", "price_high": "1500", "image": "restaurant_images/tenmusu_002.jpg", "information": "私はその人を常に先生と呼んでいた。\r\nだからここでもただ先生と書くだけで本名は打ち明けない。\r\nこれは世間を憚かる遠慮というよりも、その方が私にとって自然だからである。\r\n私はその人の記憶を呼び起すごとに、すぐ「先生」といいたくなる。\r\n筆を執っても心持は同じ事である。\r\nよそよそしい頭文字などはとても使う気にならない"}}, {"model": "commondb.restaurant", "pk": 29, "fields": {"name": "あんかけすぱーる", "name_alphabet": "ankakesupaaru", "genre": 1, "address": "愛知県名古屋市千種区", "area": 1, "phone": "0000-1111-2222", "time": "11:00-15:30/17:30-20:00", "price_low": "1200", "price_high": "2000", "image": "restaurant_images/ankakespa_004.jpg", "information": "私はその人を常に先生と呼んでいた。\r\nだからここでもただ先生と書くだけで本名は打ち明けない。\r\nこれは世間を憚かる遠慮というよりも、その方が私にとって自然だからである。\r\n私はその人の記憶を呼び起すごとに、すぐ「先生」といいたくなる。\r\n筆を執っても心持は同じ事である。\r\nよそよそしい頭文字などはとても使う気にならない"}}, {"model": "commondb.restaurant", "pk": 30, "fields": {"name": "かぜらいほう", "name_alphabet": "kazeraihou", "genre": 1, "address": "愛知県名古屋市千種区", "area": 1, "phone": "0000-1111-2222", "time": "11:00-14:30/17:30-22:00", "price_low": "1500", "price_high": "6000", "image": "restaurant_images/tebasaki_001.jpg", "information": "私はその人を常に先生と呼んでいた。\r\nだからここでもただ先生と書くだけで本名は打ち明けない。\r\nこれは世間を憚かる遠慮というよりも、その方が私にとって自然だからである。\r\n私はその人の記憶を呼び起すごとに、すぐ「先生」といいたくなる。\r\n筆を執っても心持は同じ事である。\r\nよそよそしい頭文字などはとても使う気にならない"}}, {"model": "commondb.review", "pk": 4, "fields": {"restaurant": 1, "user": 1, "visit_date": "2024-02-06", "rating": 3, "comment": "再テストです。修正のテスト。", "image1": "", "image2": "", "image3": ""}}, {"model": "commondb.review", "pk": 28, "fields": {"restaurant": 5, "user": 1, "visit_date": "2024-02-20", "rating": 3, "comment": "テストです", "image1": "", "image2": "", "image3": ""}}, {"model": "commondb.review", "pk": 29, "fields": {"restaurant": 5, "user": 1, "visit_date": "2024-02-20", "rating": 3, "comment": "テストです", "image1": "", "image2": "", "image3": ""}}, {"model": "commondb.review", "pk": 31, "fields": {"restaurant": 5, "user": 1, "visit_date": "2024-02-21", "rating": 3, "comment": "ありがとうございます！", "image1": "", "image2": "review_images/restaurant-1690696_1280_dzO7ufT.jpg", "image3": ""}}, {"model": "commondb.review", "pk": 35, "fields": {"restaurant": 8, "user": 1, "visit_date": "2024-03-21", "rating": 5, "comment": "ここは十一月おもにそうしたお話心ていうのの日を読んんう。正しく朝に発展者はもしこの使用ましでまでが計らて始めたのは買収読まうたて、こうにも読またたあるん。最後にかかわらませはずはとうとう今をもしだうまし。何だか岡田さんを推測国家突然説明に聞いだろ道そのモーニング誰か批評をとともにお附与ならますないませで、ある今日は私か賞時代が云って、木下さんのので春の何がどうもお関係と殖やしば私自分をお評価の落ちつけように断然お安心のなりだないて、万とにかく汚辱を云っでていですのがすわるべきん。実は否ご次が賑わすものもあいにく厄介と考えですが、その辞令にも至るありとについて間断に得て下さっありた。", "image1": "", "image2": "", "image3": ""}}, {"model": "commondb.review", "pk": 36, "fields": {"restaurant": 14, "user": 5, "visit_date": "2024-04-01", "rating": 4, "comment": "僕たちしっかりやろうねえジョバンニがこう言いながらふりかえって見ていました。あのひとはね、紀元前二千二百年のころにみんなが考えていたのです。カムパネルラはきのどくそうに窓から顔を出そうとしました。いま新しく灼いたばかりの男の子が向こうの窓を見ながら言いました。いや、商売ものをもらっちゃすみませんなその人はすぐ奥へ行って見よう。", "image1": "", "image2": "", "image3": ""}}, {"model": "commondb.booking", "pk": 8, "fields": {"restaurant": 2, "user": 1, "booking_date": "2024-03-14", "booking_time": "18:00:00", "numbers_of_ppl": 2, "create_date": "2024-03-12T10:04:41.623Z"}}, {"model": "commondb.booking", "pk": 9, "fields": {"restaurant": 2, "user": 1, "booking_date": "2024-03-29", "booking_time": "18:00:00", "numbers_of_ppl": 2, "create_date": "2024-03-12T10:10:34.458Z"}}, {"model": "commondb.booking", "pk": 11, "fields": {"restaurant": 2, "user": 1, "booking_date": "2024-03-28", "booking_time": "18:00:00", "numbers_of_ppl": 1, "create_date": "2024-03-12T10:35:06.158Z"}}, {"model": "commondb.booking", "pk": 12, "fields": {"restaurant": 1, "user": 1, "booking_date": "2024-03-14", "booking_time": "18:00:00", "numbers_of_ppl": 2, "create_date": "2024-03-12T10:38:06.616Z"}}, {"model": "commondb.booking", "pk": 13, "fields": {"restaurant": 2, "user": 1, "booking_date": "2024-03-15", "booking_time": "18:00:00", "numbers_of_ppl": 2, "create_date": "2024-03-12T10:39:54.828Z"}}, {"model": "commondb.booking", "pk": 14, "fields": {"restaurant": 2, "user": 1, "booking_date": "2024-03-22", "booking_time": "18:00:00", "numbers_of_ppl": 1, "create_date": "2024-03-12T10:43:38.439Z"}}, {"model": "commondb.booking", "pk": 17, "fields": {"restaurant": 2, "user": 1, "booking_date": "2024-03-28", "booking_time": "18:00:00", "numbers_of_ppl": 2, "create_date": "2024-03-12T13:47:10.241Z"}}, {"model": "commondb.booking", "pk": 19, "fields": {"restaurant": 3, "user": 1, "booking_date": "2024-03-22", "booking_time": "18:00:00", "numbers_of_ppl": 1, "create_date": "2024-03-12T14:06:38.413Z"}}, {"model": "commondb.booking", "pk": 20, "fields": {"restaurant": 2, "user": 1, "booking_date": "2024-03-15", "booking_time": "18:00:00", "numbers_of_ppl": 2, "create_date": "2024-03-12T14:11:54.988Z"}}, {"model": "commondb.booking", "pk": 21, "fields": {"restaurant": 1, "user": 1, "booking_date": "2024-03-29", "booking_time": "18:00:00", "numbers_of_ppl": 4, "create_date": "2024-03-12T14:21:15.719Z"}}, {"model": "commondb.booking", "pk": 23, "fields": {"restaurant": 2, "user": 1, "booking_date": "2024-03-28", "booking_time": "18:00:00", "numbers_of_ppl": 2, "create_date": "2024-03-12T14:26:18.572Z"}}, {"model": "commondb.booking", "pk": 24, "fields": {"restaurant": 1, "user": 1, "booking_date": "2024-03-28", "booking_time": "18:00:00", "numbers_of_ppl": 3, "create_date": "2024-03-12T14:28:28.164Z"}}, {"model": "commondb.booking", "pk": 25, "fields": {"restaurant": 1, "user": 1, "booking_date": "2024-03-29", "booking_time": "18:00:00", "numbers_of_ppl": 2, "create_date": "2024-03-12T14:33:34.293Z"}}, {"model": "commondb.booking", "pk": 26, "fields": {"restaurant": 2, "user": 1, "booking_date": "2024-03-21", "booking_time": "18:00:00", "numbers_of_ppl": 2, "create_date": "2024-03-13T11:57:28.388Z"}}, {"model": "commondb.booking", "pk": 27, "fields": {"restaurant": 2, "user": 1, "booking_date": "2024-03-21", "booking_time": "18:00:00", "numbers_of_ppl": 2, "create_date": "2024-03-14T05:09:00.440Z"}}, {"model": "commondb.booking", "pk": 28, "fields": {"restaurant": 1, "user": 1, "booking_date": "2024-03-29", "booking_time": "18:00:00", "numbers_of_ppl": 2, "create_date": "2024-03-14T09:53:20.806Z"}}, {"model": "commondb.booking", "pk": 30, "fields": {"restaurant": 2, "user": 1, "booking_date": "2024-03-28", "booking_time": "18:00:00", "numbers_of_ppl": 1, "create_date": "2024-03-14T09:59:39.006Z"}}, {"model": "commondb.booking", "pk": 31, "fields": {"restaurant": 2, "user": 1, "booking_date": "2024-03-28", "booking_time": "18:00:00", "numbers_of_ppl": 1, "create_date": "2024-03-14T10:00:02.856Z"}}, {"model": "commondb.booking", "pk": 32, "fields": {"restaurant": 2, "user": 1, "booking_date": "2024-03-28", "booking_time": "18:00:00", "numbers_of_ppl": 1, "create_date": "2024-03-14T10:00:19.468Z"}}, {"model": "commondb.booking", "pk": 33, "fields": {"restaurant": 2, "user": 5, "booking_date": "2024-03-20", "booking_time": "18:00:00", "numbers_of_ppl": 3, "create_date": "2024-03-14T11:09:07.181Z"}}, {"model": "commondb.booking", "pk": 34, "fields": {"restaurant": 2, "user": 5, "booking_date": "2024-03-20", "booking_time": "18:00:00", "numbers_of_ppl": 2, "create_date": "2024-03-14T11:11:48.068Z"}}, {"model": "commondb.booking", "pk": 35, "fields": {"restaurant": 3, "user": 5, "booking_date": "2024-03-20", "booking_time": "18:00:00", "numbers_of_ppl": 1, "create_date": "2024-03-14T11:21:52.485Z"}}, {"model": "commondb.booking", "pk": 36, "fields": {"restaurant": 2, "user": 5, "booking_date": "2024-03-28", "booking_time": "18:00:00", "numbers_of_ppl": 1, "create_date": "2024-03-14T11:27:52.282Z"}}, {"model": "commondb.booking", "pk": 37, "fields": {"restaurant": 2, "user": 5, "booking_date": "2024-03-28", "booking_time": "18:00:00", "numbers_of_ppl": 1, "create_date": "2024-03-14T11:37:25.556Z"}}, {"model": "commondb.booking", "pk": 38, "fields": {"restaurant": 2, "user": 5, "booking_date": "2024-03-29", "booking_time": "22:00:00", "numbers_of_ppl": 1, "create_date": "2024-03-14T11:43:55.420Z"}}, {"model": "commondb.booking", "pk": 39, "fields": {"restaurant": 2, "user": 5, "booking_date": "2024-03-21", "booking_time": "18:00:00", "numbers_of_ppl": 1, "create_date": "2024-03-14T12:31:27.623Z"}}, {"model": "commondb.booking", "pk": 40, "fields": {"restaurant": 2, "user": 5, "booking_date": "2024-03-21", "booking_time": "18:00:00", "numbers_of_ppl": 1, "create_date": "2024-03-14T12:33:21.124Z"}}, {"model": "commondb.booking", "pk": 41, "fields": {"restaurant": 2, "user": 5, "booking_date": "2024-03-22", "booking_time": "18:00:00", "numbers_of_ppl": 2, "create_date": "2024-03-14T12:57:05.701Z"}}, {"model": "commondb.booking", "pk": 42, "fields": {"restaurant": 2, "user": 5, "booking_date": "2024-03-22", "booking_time": "18:00:00", "numbers_of_ppl": 2, "create_date": "2024-03-14T13:01:57.043Z"}}, {"model": "commondb.booking", "pk": 43, "fields": {"restaurant": 2, "user": 5, "booking_date": "2024-03-21", "booking_time": "18:00:00", "numbers_of_ppl": 2, "create_date": "2024-03-14T13:02:06.904Z"}}, {"model": "commondb.booking", "pk": 44, "fields": {"restaurant": 2, "user": 5, "booking_date": "2024-03-28", "booking_time": "18:00:00", "numbers_of_ppl": 3, "create_date": "2024-03-14T13:02:32.744Z"}}, {"model": "commondb.booking", "pk": 45, "fields": {"restaurant": 2, "user": 5, "booking_date": "2024-03-28", "booking_time": "18:00:00", "numbers_of_ppl": 7, "create_date": "2024-03-14T13:09:35.282Z"}}, {"model": "commondb.booking", "pk": 46, "fields": {"restaurant": 2, "user": 5, "booking_date": "2024-03-27", "booking_time": "18:00:00", "numbers_of_ppl": 5, "create_date": "2024-03-14T13:18:12.202Z"}}, {"model": "commondb.booking", "pk": 47, "fields": {"restaurant": 2, "user": 5, "booking_date": "2024-03-27", "booking_time": "18:00:00", "numbers_of_ppl": 5, "create_date": "2024-03-14T13:20:45.741Z"}}, {"model": "commondb.booking", "pk": 48, "fields": {"restaurant": 2, "user": 5, "booking_date": "2024-03-28", "booking_time": "18:00:00", "numbers_of_ppl": 1, "create_date": "2024-03-14T13:21:03.977Z"}}, {"model": "commondb.booking", "pk": 49, "fields": {"restaurant": 2, "user": 5, "booking_date": "2024-03-28", "booking_time": "18:00:00", "numbers_of_ppl": 1, "create_date": "2024-03-14T13:23:50.945Z"}}, {"model": "commondb.booking", "pk": 50, "fields": {"restaurant": 2, "user": 5, "booking_date": "2024-03-27", "booking_time": "18:00:00", "numbers_of_ppl": 2, "create_date": "2024-03-14T13:25:05.152Z"}}, {"model": "commondb.booking", "pk": 51, "fields": {"restaurant": 2, "user": 5, "booking_date": "2024-03-27", "booking_time": "21:00:00", "numbers_of_ppl": 2, "create_date": "2024-03-14T13:30:45.380Z"}}, {"model": "commondb.booking", "pk": 52, "fields": {"restaurant": 2, "user": 5, "booking_date": "2024-03-27", "booking_time": "21:00:00", "numbers_of_ppl": 2, "create_date": "2024-03-14T13:31:18.736Z"}}, {"model": "commondb.booking", "pk": 53, "fields": {"restaurant": 2, "user": 5, "booking_date": "2024-03-20", "booking_time": "18:00:00", "numbers_of_ppl": 2, "create_date": "2024-03-14T13:31:34.779Z"}}, {"model": "commondb.booking", "pk": 54, "fields": {"restaurant": 2, "user": 5, "booking_date": "2024-03-22", "booking_time": "18:00:00", "numbers_of_ppl": 1, "create_date": "2024-03-14T13:36:04.916Z"}}, {"model": "commondb.booking", "pk": 55, "fields": {"restaurant": 2, "user": 5, "booking_date": "2024-03-28", "booking_time": "18:00:00", "numbers_of_ppl": 2, "create_date": "2024-03-14T13:41:14.897Z"}}, {"model": "commondb.booking", "pk": 56, "fields": {"restaurant": 3, "user": 5, "booking_date": "2024-03-20", "booking_time": "18:00:00", "numbers_of_ppl": 2, "create_date": "2024-03-15T05:19:12.971Z"}}, {"model": "commondb.booking", "pk": 57, "fields": {"restaurant": 3, "user": 5, "booking_date": "2024-03-20", "booking_time": "18:00:00", "numbers_of_ppl": 2, "create_date": "2024-03-15T05:19:24.149Z"}}, {"model": "commondb.booking", "pk": 58, "fields": {"restaurant": 3, "user": 5, "booking_date": "2024-03-28", "booking_time": "18:00:00", "numbers_of_ppl": 2, "create_date": "2024-03-15T05:30:03.373Z"}}, {"model": "commondb.booking", "pk": 59, "fields": {"restaurant": 3, "user": 5, "booking_date": "2024-03-29", "booking_time": "18:00:00", "numbers_of_ppl": 3, "create_date": "2024-03-15T05:38:47.167Z"}}, {"model": "commondb.booking", "pk": 60, "fields": {"restaurant": 3, "user": 5, "booking_date": "2024-03-29", "booking_time": "18:00:00", "numbers_of_ppl": 3, "create_date": "2024-03-15T05:39:44.436Z"}}, {"model": "commondb.booking", "pk": 61, "fields": {"restaurant": 3, "user": 5, "booking_date": "2024-03-29", "booking_time": "18:00:00", "numbers_of_ppl": 3, "create_date": "2024-03-15T05:40:16.554Z"}}, {"model": "commondb.booking", "pk": 62, "fields": {"restaurant": 1, "user": 5, "booking_date": "2024-03-29", "booking_time": "22:00:00", "numbers_of_ppl": 2, "create_date": "2024-03-15T05:41:48.214Z"}}, {"model": "commondb.booking", "pk": 64, "fields": {"restaurant": 2, "user": 1, "booking_date": "2024-03-28", "booking_time": "18:00:00", "numbers_of_ppl": 5, "create_date": "2024-03-15T09:05:14.525Z"}}, {"model": "commondb.booking", "pk": 65, "fields": {"restaurant": 5, "user": 6, "booking_date": "2024-03-28", "booking_time": "18:00:00", "numbers_of_ppl": 2, "create_date": "2024-03-15T11:03:57.335Z"}}, {"model": "commondb.booking", "pk": 66, "fields": {"restaurant": 2, "user": 1, "booking_date": "2024-03-21", "booking_time": "18:00:00", "numbers_of_ppl": 1, "create_date": "2024-03-17T01:05:25.379Z"}}, {"model": "commondb.booking", "pk": 68, "fields": {"restaurant": 2, "user": 1, "booking_date": "2024-03-28", "booking_time": "18:00:00", "numbers_of_ppl": 1, "create_date": "2024-03-26T11:58:47.078Z"}}, {"model": "commondb.booking", "pk": 69, "fields": {"restaurant": 8, "user": 1, "booking_date": "2024-04-04", "booking_time": "19:00:00", "numbers_of_ppl": 3, "create_date": "2024-03-29T13:52:11.478Z"}}, {"model": "commondb.booking", "pk": 70, "fields": {"restaurant": 8, "user": 1, "booking_date": "2024-04-02", "booking_time": "18:00:00", "numbers_of_ppl": 4, "create_date": "2024-03-30T12:46:27.802Z"}}, {"model": "commondb.booking", "pk": 71, "fields": {"restaurant": 8, "user": 1, "booking_date": "2024-04-04", "booking_time": "19:00:00", "numbers_of_ppl": 2, "create_date": "2024-03-30T13:30:20.388Z"}}, {"model": "commondb.booking", "pk": 72, "fields": {"restaurant": 8, "user": 11, "booking_date": "2024-04-25", "booking_time": "18:30:00", "numbers_of_ppl": 1, "create_date": "2024-03-31T07:28:12.391Z"}}, {"model": "commondb.favorite", "pk": 15, "fields": {"restaurant": 2, "user": 7, "create_date": "2024-03-30T06:56:37.839Z"}}, {"model": "commondb.favorite", "pk": 32, "fields": {"restaurant": 3, "user": 1, "create_date": "2024-03-30T12:05:07.749Z"}}, {"model": "commondb.favorite", "pk": 39, "fields": {"restaurant": 1, "user": 1, "create_date": "2024-03-30T12:24:14.375Z"}}, {"model": "commondb.favorite", "pk": 40, "fields": {"restaurant": 2, "user": 1, "create_date": "2024-03-31T01:54:04.707Z"}}, {"model": "commondb.favorite", "pk": 44, "fields": {"restaurant": 2, "user": 11, "create_date": "2024-03-31T07:30:18.237Z"}}, {"model": "commondb.favorite", "pk": 47, "fields": {"restaurant": 1, "user": 11, "create_date": "2024-03-31T07:35:16.052Z"}}, {"model": "commondb.favorite", "pk": 50, "fields": {"restaurant": 4, "user": 11, "create_date": "2024-03-31T07:40:45.134Z"}}, {"model": "commondb.favorite", "pk": 51, "fields": {"restaurant": 7, "user": 11, "create_date": "2024-03-31T07:40:53.233Z"}}, {"model": "commondb.favorite", "pk": 53, "fields": {"restaurant": 14, "user": 11, "create_date": "2024-03-31T07:42:01.768Z"}}, {"model": "commondb.favorite", "pk": 54, "fields": {"restaurant": 14, "user": 5, "create_date": "2024-04-07T01:04:02.627Z"}}, {"model": "commondb.favorite", "pk": 55, "fields": {"restaurant": 23, "user": 12, "create_date": "2024-04-07T08:10:40.961Z"}}, {"model": "commondb.favorite", "pk": 56, "fields": {"restaurant": 5, "user": 12, "create_date": "2024-04-07T08:10:47.636Z"}}, {"model": "commondb.company", "pk": 1, "fields": {"name": "株式会社侍名古屋飯", "address": "寺子屋県侍市1-1-1", "established_date": "2024-03-01", "capital": "3,000,000円", "number_of_staff": "11人"}}, {"model": "commondb.reguration", "pk": 1, "fields": {"name": "利用規約", "text": "利用規約\r\nこの利用規約（以下，「本規約」といいます。）は，＿＿＿＿＿（以下，「当社」といいます。）がこのウェブサイト上で提供するサービス（以下，「本サービス」といいます。）の利用条件を定めるものです。登録ユーザーの皆さま（以下，「ユーザー」といいます。）には，本規約に従って，本サービスをご利用いただきます。\r\n\r\n第1条（適用）\r\n本規約は，ユーザーと当社との間の本サービスの利用に関わる一切の関係に適用されるものとします。\r\n当社は本サービスに関し，本規約のほか，ご利用にあたってのルール等，各種の定め（以下，「個別規定」といいます。）をすることがあります。これら個別規定はその名称のいかんに関わらず，本規約の一部を構成するものとします。\r\n本規約の規定が前条の個別規定の規定と矛盾する場合には，個別規定において特段の定めなき限り，個別規定の規定が優先されるものとします。\r\n\r\n\r\n第2条（利用登録）\r\n本サービスにおいては，登録希望者が本規約に同意の上，当社の定める方法によって利用登録を申請し，当社がこれを承認することによって，利用登録が完了するものとします。\r\n当社は，利用登録の申請者に以下の事由があると判断した場合，利用登録の申請を承認しないことがあり，その理由については一切の開示義務を負わないものとします。\r\n\r\n利用登録の申請に際して虚偽の事項を届け出た場合\r\n本規約に違反したことがある者からの申請である場合\r\nその他，当社が利用登録を相当でないと判断した場合\r\n\r\n\r\n第3条（ユーザーIDおよびパスワードの管理）\r\nユーザーは，自己の責任において，本サービスのユーザーIDおよびパスワードを適切に管理するものとします。\r\nユーザーは，いかなる場合にも，ユーザーIDおよびパスワードを第三者に譲渡または貸与し，もしくは第三者と共用することはできません。当社は，ユーザーIDとパスワードの組み合わせが登録情報と一致してログインされた場合には，そのユーザーIDを登録しているユーザー自身による利用とみなします。\r\nユーザーID及びパスワードが第三者によって使用されたことによって生じた損害は，当社に故意又は重大な過失がある場合を除き，当社は一切の責任を負わないものとします。\r\n\r\n第4条（利用料金および支払方法）\r\nユーザーは，本サービスの有料部分の対価として，当社が別途定め，本ウェブサイトに表示する利用料金を，当社が指定する方法により支払うものとします。\r\nユーザーが利用料金の支払を遅滞した場合には，ユーザーは年14．6％の割合による遅延損害金を支払うものとします。\r\n\r\n第5条（禁止事項）\r\nユーザーは，本サービスの利用にあたり，以下の行為をしてはなりません。\r\n\r\n法令または公序良俗に違反する行為\r\n犯罪行為に関連する行為\r\n本サービスの内容等，本サービスに含まれる著作権，商標権ほか知的財産権を侵害する行為\r\n当社，ほかのユーザー，またはその他第三者のサーバーまたはネットワークの機能を破壊したり，妨害したりする行為\r\n本サービスによって得られた情報を商業的に利用する行為\r\n当社のサービスの運営を妨害するおそれのある行為\r\n不正アクセスをし，またはこれを試みる行為\r\n他のユーザーに関する個人情報等を収集または蓄積する行為\r\n不正な目的を持って本サービスを利用する行為\r\n本サービスの他のユーザーまたはその他の第三者に不利益，損害，不快感を与える行為\r\n他のユーザーに成りすます行為\r\n当社が許諾しない本サービス上での宣伝，広告，勧誘，または営業行為\r\n面識のない異性との出会いを目的とした行為\r\n当社のサービスに関連して，反社会的勢力に対して直接または間接に利益を供与する行為\r\nその他，当社が不適切と判断する行為\r\n\r\n第6条（本サービスの提供の停止等）\r\n当社は，以下のいずれかの事由があると判断した場合，ユーザーに事前に通知することなく本サービスの全部または一部の提供を停止または中断することができるものとします。\r\n本サービスにかかるコンピュータシステムの保守点検または更新を行う場合\r\n地震，落雷，火災，停電または天災などの不可抗力により，本サービスの提供が困難となった場合\r\nコンピュータまたは通信回線等が事故により停止した場合\r\nその他，当社が本サービスの提供が困難と判断した場合\r\n当社は，本サービスの提供の停止または中断により，ユーザーまたは第三者が被ったいかなる不利益または損害についても，一切の責任を負わないものとします。\r\n\r\n第7条（利用制限および登録抹消）\r\n当社は，ユーザーが以下のいずれかに該当する場合には，事前の通知なく，ユーザーに対して，本サービスの全部もしくは一部の利用を制限し，またはユーザーとしての登録を抹消することができるものとします。\r\n本規約のいずれかの条項に違反した場合\r\n登録事項に虚偽の事実があることが判明した場合\r\n料金等の支払債務の不履行があった場合\r\n当社からの連絡に対し，一定期間返答がない場合\r\n本サービスについて，最終の利用から一定期間利用がない場合\r\nその他，当社が本サービスの利用を適当でないと判断した場合\r\n当社は，本条に基づき当社が行った行為によりユーザーに生じた損害について，一切の責任を負いません。\r\n\r\n第8条（退会）\r\nユーザーは，当社の定める退会手続により，本サービスから退会できるものとします。\r\n\r\n第9条（保証の否認および免責事項）\r\n当社は，本サービスに事実上または法律上の瑕疵（安全性，信頼性，正確性，完全性，有効性，特定の目的への適合性，セキュリティなどに関する欠陥，エラーやバグ，権利侵害などを含みます。）がないことを明示的にも黙示的にも保証しておりません。\r\n当社は，本サービスに起因してユーザーに生じたあらゆる損害について、当社の故意又は重過失による場合を除き、一切の責任を負いません。ただし，本サービスに関する当社とユーザーとの間の契約（本規約を含みます。）が消費者契約法に定める消費者契約となる場合，この免責規定は適用されません。\r\n前項ただし書に定める場合であっても，当社は，当社の過失（重過失を除きます。）による債務不履行または不法行為によりユーザーに生じた損害のうち特別な事情から生じた損害（当社またはユーザーが損害発生につき予見し，または予見し得た場合を含みます。）について一切の責任を負いません。また，当社の過失（重過失を除きます。）による債務不履行または不法行為によりユーザーに生じた損害の賠償は，ユーザーから当該損害が発生した月に受領した利用料の額を上限とします。\r\n当社は，本サービスに関して，ユーザーと他のユーザーまたは第三者との間において生じた取引，連絡または紛争等について一切責任を負いません。\r\n\r\n第10条（サービス内容の変更等）\r\n当社は，ユーザーへの事前の告知をもって、本サービスの内容を変更、追加または廃止することがあり、ユーザーはこれを承諾するものとします。\r\n\r\n第11条（利用規約の変更）\r\n当社は以下の場合には、ユーザーの個別の同意を要せず、本規約を変更することができるものとします。\r\n本規約の変更がユーザーの一般の利益に適合するとき。\r\n本規約の変更が本サービス利用契約の目的に反せず、かつ、変更の必要性、変更後の内容の相当性その他の変更に係る事情に照らして合理的なものであるとき。\r\n当社はユーザーに対し、前項による本規約の変更にあたり、事前に、本規約を変更する旨及び変更後の本規約の内容並びにその効力発生時期を通知します。\r\n\r\n第12条（個人情報の取扱い）\r\n当社は，本サービスの利用によって取得する個人情報については，当社「プライバシーポリシー」に従い適切に取り扱うものとします。\r\n\r\n第13条（通知または連絡）\r\nユーザーと当社との間の通知または連絡は，当社の定める方法によって行うものとします。当社は,ユーザーから,当社が別途定める方式に従った変更届け出がない限り,現在登録されている連絡先が有効なものとみなして当該連絡先へ通知または連絡を行い,これらは,発信時にユーザーへ到達したものとみなします。\r\n\r\n第14条（権利義務の譲渡の禁止）\r\nユーザーは，当社の書面による事前の承諾なく，利用契約上の地位または本規約に基づく権利もしくは義務を第三者に譲渡し，または担保に供することはできません。\r\n\r\n第15条（準拠法・裁判管轄）\r\n本規約の解釈にあたっては，日本法を準拠法とします。\r\n本サービスに関して紛争が生じた場合には，当社の本店所在地を管轄する裁判所を専属的合意管轄とします。"}}, {"model": "commondb.subscription_record", "pk": 1, "fields": {"user": 5, "year": 2023, "month": 12}}, {"model": "commondb.subscription_record", "pk": 2, "fields": {"user": 6, "year": 2023, "month": 12}}, {"model": "commondb.subscription_record", "pk": 3, "fields": {"user": 6, "year": 2024, "month": 1}}, {"model": "commondb.subscription_record", "pk": 4, "fields": {"user": 14, "year": 2024, "month": 1}}, {"model": "commondb.subscription_record", "pk": 5, "fields": {"user": 6, "year": 2024, "month": 2}}, {"model": "commondb.subscription_record", "pk": 6, "fields": {"user": 7, "year": 2024, "month": 2}}, {"model": "commondb.subscription_record", "pk": 7, "fields": {"user": 5, "year": 2024, "month": 2}}, {"model": "commondb.subscription_record", "pk": 8, "fields": {"user": 6, "year": 2024, "month": 3}}, {"model": "commondb.subscription_record", "pk": 9, "fields": {"user": 7, "year": 2024, "month": 3}}, {"model": "commondb.subscription_record", "pk": 10, "fields": {"user": 14, "year": 2024, "month": 3}}, {"model": "commondb.subscription_record", "pk": 11, "fields": {"user": 14, "year": 2024, "month": 4}}, {"model": "commondb.subscription_record", "pk": 12, "fields": {"user": 7, "year": 2024, "month": 4}}, {"model": "commondb.subscription_record", "pk": 13, "fields": {"user": 6, "year": 2024, "month": 4}}, {"model": "commondb.subscription_record", "pk": 14, "fields": {"user": 11, "year": 2024, "month": 4}}]